season,week,date,time_et,game_type,away,home,rank_away,rank_home,conf_away,conf_home,neutral,score_away,score_home,q1_away,q2_away,q3_away,q4_away,ot_away,q1_home,q2_home,q3_home,q4_home,ot_home,first_downs_away,first_downs_home,third_down_comp_away,third_down_att_away,third_down_comp_home,third_down_att_home,fourth_down_comp_away,fourth_down_att_away,fourth_down_comp_home,fourth_down_att_home,pass_comp_away,pass_att_away,pass_yards_away,pass_comp_home,pass_att_home,pass_yards_home,rush_att_away,rush_yards_away,rush_att_home,rush_yards_home,total_yards_away,total_yards_home,fum_away,fum_home,int_away,int_home,pen_num_away,pen_yards_away,pen_num_home,pen_yards_home,possession_away,possession_home,attendance,tv,home_nces_name,home_lat,home_lon,away_nces_name,away_lat,away_lon,game_lat,game_lon,processed_time
2002,8,2002-10-12,3:30 PM,regular,Texas,Oklahoma,3,2,big12,big12,True,24,35,7,7,3,7,0,3,8,3,21,0,,,,,,,,,,,,,,,,,,,,,,,,,,,,,,,,,75587,,University of Oklahoma-Norman Campus,35.209407,-97.444211,The University of Texas at Austin,30.282825,-97.738273,,,2025-10-25 15:33:50
2002,,2003-01-03,8:00 PM,post,Ohio State,Miami (FL),2,1,big10,big-east,True,31,24,0,14,3,0,14,7,0,7,3,7,,,,,,,,,,,,,,,,,,,,,,,,,,,,,,,,,,,University of Miami,25.72126,-80.278662,Ohio State University-Main Campus,39.999324,-83.014853,,,2025-10-25 15:33:50
2003,8,2003-10-11,3:30 PM,regular,Oklahoma,Texas,1,11,big12,big12,True,65,13,14,23,14,14,0,7,6,0,0,0,,,,,,,,,,,,,,,,,,,,,,,,,,,,,,,,,75587,ABC Regional,The University of Texas at Austin,30.282825,-97.738273,University of Oklahoma-Norman Campus,35.209407,-97.444211,,,2025-10-25 15:33:50
2004,10,2004-10-30,3:30 PM,regular,Florida,Georgia,,10,sec,sec,True,24,31,7,0,7,10,0,14,7,3,7,0,22,21,6,14,4,12,0,0,2,2,22,35,275,15,23,255,35,211,38,150,458,405,0,1,0,0,0,0,0,0,19.42,17.23,,,University of Georgia,33.956262,-83.374039,University of Florida,29.64629,-82.347911,,,2025-10-25 15:33:50
2005,6,2005-10-08,1:00 PM,regular,Oklahoma,Texas,,2,big12,big12,True,12,45,6,0,0,6,0,14,10,7,14,0,12,20,6,18,6,15,1,1,2,2,12,33,115,14,27,255,33,77,40,203,171,444,2,1,1,0,0,0,0,0,18.08,18.32,,ABC,The University of Texas at Austin,30.282825,-97.738273,University of Oklahoma-Norman Campus,35.209407,-97.444211,,,2025-10-25 15:33:50
2006,6,2006-10-07,3:30 PM,regular,Texas,Oklahoma,7,14,big12,big12,True,28,10,7,0,14,7,0,0,10,0,0,0,13,13,3,10,8,16,0,0,1,1,11,18,123,15,27,229,32,124,36,124,232,333,0,3,0,2,3,30,11,72,17.02,18.9,76260,ABC,University of Oklahoma-Norman Campus,35.209407,-97.444211,The University of Texas at Austin,30.282825,-97.738273,,,2025-10-25 15:33:50
2007,6,2007-10-06,3:30 PM,regular,Oklahoma,Texas,10,19,big12,big12,True,28,21,7,7,7,7,0,0,14,0,7,0,20,16,9,18,5,12,0,0,0,1,21,32,254,19,26,350,41,170,29,61,414,385,0,1,0,1,9,87,9,69,19.52,17.15,80000,,The University of Texas at Austin,30.282825,-97.738273,University of Oklahoma-Norman Campus,35.209407,-97.444211,,,2025-10-25 15:33:50
2008,1,2008-08-30,12:00 PM,regular,Virginia Tech,East Carolina,17,,acc,cusa,True,22,27,0,14,2,6,0,0,7,6,14,0,12,19,5,12,7,13,0,2,0,2,14,23,151,19,25,211,35,104,41,158,243,369,0,2,2,0,1,1,6,60,16.2,20.33,72169,ESPN,East Carolina University,35.607186,-77.368291,Virginia Polytechnic Institute and State University,37.229012,-80.423675,,,2025-10-25 15:33:50
2008,1,2008-08-30,8:30 PM,regular,Illinois,Missouri,20,6,big10,big12,True,42,52,6,7,15,14,0,7,24,14,7,0,24,28,7,17,9,17,2,2,0,2,26,42,493,26,45,329,35,81,37,226,532,549,0,1,2,1,8,80,3,29,18.15,17.73,66441,ESPN,University of Missouri-Columbia,38.94531,-92.328843,University of Illinois at Urbana-Champaign,40.104718,-88.229114,,,2025-10-25 15:33:50
2008,1,2008-08-31,7:30 PM,regular,Colorado State,Colorado,,,mwc,big12,True,17,38,0,14,3,0,0,0,21,7,10,0,18,19,2,12,5,11,1,4,2,2,27,38,214,20,29,214,26,71,36,153,258,367,0,1,2,1,4,18,8,58,19.35,16.43,69619,,University of Colorado Boulder,40.008781,-105.270823,Colorado State University-Fort Collins,40.574805,-105.080732,,,2025-10-25 15:33:50
2008,2,2008-09-06,7:00 PM,regular,Arkansas,UL-Monroe,,,sec,sun-belt,True,28,27,0,6,8,14,0,0,10,14,3,0,20,17,6,13,6,15,1,2,1,2,22,34,343,23,40,278,36,183,26,71,506,341,0,0,0,0,8,44,5,25,20.03,16.63,55048,ESPN College Extra,University of Louisiana at Monroe,32.527748,-92.07374,University of Arkansas,36.070009,-94.176981,,,2025-10-25 15:33:50
2008,7,2008-10-11,12:00 PM,regular,Texas,Oklahoma,5,1,big12,big12,True,45,35,3,17,10,15,0,7,14,7,7,0,23,20,6,13,7,15,0,0,0,3,28,35,302,28,41,409,35,161,26,48,438,435,0,0,0,2,6,55,10,73,22.53,13.32,92182,ABC,University of Oklahoma-Norman Campus,35.209407,-97.444211,The University of Texas at Austin,30.282825,-97.738273,,,2025-10-25 15:33:50
2008,10,2008-11-01,3:30 PM,regular,Florida,Georgia,8,6,sec,sec,True,49,10,7,7,21,14,0,0,3,0,7,0,22,21,4,9,4,12,1,1,1,2,13,17,194,20,37,308,38,185,29,106,373,398,0,1,0,3,8,60,8,49,17.53,19.13,84649,CBS,University of Georgia,33.956262,-83.374039,University of Florida,29.64629,-82.347911,,,2025-10-25 15:33:50
2008,14,2008-11-29,12:40 PM,regular,Kansas,Missouri,,13,big12,big12,True,40,37,3,16,7,14,0,0,10,13,14,0,24,23,12,19,7,12,2,2,0,0,37,51,389,25,42,296,32,63,26,190,438,478,0,1,2,2,3,29,3,9,21.15,14.08,79123,,University of Missouri-Columbia,38.94531,-92.328843,University of Kansas,38.958549,-95.247567,,,2025-10-25 15:33:50
2008,15,2008-12-05,8:00 PM,regular,Ball State,Buffalo,12,,mac,mac,True,24,42,0,10,7,7,0,7,0,21,14,0,30,18,7,16,3,9,1,3,0,0,31,48,361,19,29,214,41,152,26,95,503,301,4,2,1,0,6,45,5,40,20.2,15.47,12871,ESPN2,University at Buffalo,43.000942,-78.789458,Ball State University,40.203431,-85.409043,,,2025-10-25 15:33:50
2008,,2008-12-20,11:00 AM,post,Wake Forest,Navy,,,acc,ind,True,29,19,0,7,7,15,0,10,3,0,6,0,18,12,6,11,7,14,0,0,1,2,11,11,166,2,7,40,48,239,48,221,405,253,1,1,0,1,5,40,3,20,18.1,18.55,28777,ESPN,United States Naval Academy,38.980507,-76.481692,Wake Forest University,36.133609,-80.277446,,,2025-10-25 15:33:50
2008,,2008-12-20,4:30 PM,post,Memphis,USF,,,cusa,big-east,True,14,41,7,7,0,0,0,14,10,10,7,0,15,29,5,15,7,13,0,2,0,1,18,35,178,20,30,287,30,66,49,232,238,496,0,1,0,0,3,25,7,70,15.27,21.4,25205,ESPN2,University of South Florida,28.061458,-82.413232,University of Memphis,35.118878,-89.938068,,,2025-10-25 15:33:50
2008,,2008-12-24,8:00 PM,post,Hawaii,Notre Dame,,,wac,ind,True,21,49,0,7,7,7,0,7,21,21,0,0,22,23,3,13,4,11,0,0,1,1,28,44,381,24,28,421,19,32,34,65,358,478,1,0,1,0,8,69,5,60,16.45,20.03,43487,ESPN,University of Notre Dame,41.703058,-86.238959,University of Hawaii at Manoa,21.298598,-157.818979,,,2025-10-25 15:33:50
2008,,2008-12-26,7:30 PM,post,Florida Atlantic,Central Michigan,,,sun-belt,mac,True,24,21,7,3,7,7,0,0,10,3,8,0,27,20,4,11,4,14,0,0,1,3,20,36,332,28,40,259,36,112,31,127,418,380,2,0,0,1,2,25,5,45,19.5,17.17,41399,ESPN,Central Michigan University,43.591203,-84.77525,Florida Atlantic University,26.372421,-80.102978,,,2025-10-25 15:33:50
2008,,2008-12-27,1:00 PM,post,West Virginia,North Carolina,,,big-east,acc,True,31,30,21,0,3,7,0,14,9,7,0,0,20,15,12,19,5,11,0,1,0,1,26,32,351,16,26,284,42,123,29,93,455,370,1,1,1,1,1,10,4,37,20.4,16.27,73712,ESPN,University of North Carolina at Chapel Hill,35.911769,-79.050969,West Virginia University,39.634371,-79.954391,,,2025-10-25 15:33:50
2008,,2008-12-27,4:30 PM,post,Wisconsin,Florida State,,,big10,acc,True,13,42,0,3,3,7,0,0,14,14,14,0,16,23,2,10,10,17,0,0,0,1,9,16,149,23,37,289,38,201,38,134,333,410,4,0,0,0,2,25,7,85,15.15,21.45,52692,ESPN,Florida State University,30.440756,-84.291921,University of Wisconsin-Madison,43.075409,-89.404098,,,2025-10-25 15:33:50
2008,,2008-12-27,8:00 PM,post,Miami (FL),California,,,acc,pac12,True,17,24,0,7,7,3,0,14,0,3,7,0,17,11,7,19,2,11,2,2,1,2,25,41,221,10,21,121,32,119,30,217,313,338,2,1,1,0,3,30,2,10,20.57,15.72,42268,ESPN,University of California-Berkeley,37.871918,-122.260463,University of Miami,25.72126,-80.278662,,,2025-10-25 15:33:50
2008,,2008-12-28,8:15 PM,post,Northern Illinois,Louisiana Tech,,,mac,wac,True,10,17,7,0,3,0,0,7,7,3,0,0,17,12,7,16,2,14,0,2,0,1,20,41,186,12,27,159,31,153,31,92,339,236,1,1,2,0,7,70,6,40,20.53,16.58,41567,ESPN,Louisiana Tech University,32.528297,-92.649963,Northern Illinois University,41.933869,-88.766428,,,2025-10-25 15:33:50
2008,,2008-12-30,8:00 PM,post,Western Michigan,Rice,,,mac,cusa,True,14,38,0,0,0,14,0,10,14,7,7,0,15,28,3,14,13,20,2,3,1,1,20,43,217,31,47,349,19,61,37,135,278,455,0,0,2,0,5,53,8,64,13.52,23.15,58880,NFL Net,Rice University,29.717897,-95.402035,Western Michigan University,42.282194,-85.613759,,,2025-10-25 15:33:50
2008,,2009-01-01,1:00 PM,post,Georgia,Michigan State,15,18,sec,big10,True,24,12,3,0,14,7,0,3,3,0,6,0,19,16,5,12,4,16,0,1,1,3,20,31,265,22,39,245,33,81,34,31,331,236,1,0,1,1,7,53,5,50,18.35,18.3,59681,ABC,Michigan State University,42.73212,-84.476111,University of Georgia,33.956262,-83.374039,,,2025-10-25 15:33:50
2008,,2009-01-01,1:00 PM,post,Nebraska,Clemson,,,big12,acc,True,26,21,0,3,20,3,0,0,14,7,0,0,14,14,7,19,3,16,0,0,1,3,19,36,236,17,37,250,35,125,26,4,361,210,2,0,1,2,8,81,7,50,20.38,15.23,67282,CBS,Clemson University,34.679381,-82.835114,University of Nebraska-Lincoln,40.817598,-96.700508,,,2025-10-25 15:33:50
2008,,2009-01-02,2:00 PM,post,Ole Miss,Texas Tech,25,7,sec,big12,True,47,34,7,17,14,9,0,14,7,0,13,0,26,24,8,14,8,15,1,1,2,3,18,29,308,36,58,373,45,223,14,105,515,469,2,0,1,2,2,15,8,62,21.23,15.43,88175,FOX,Texas Tech University,33.583448,-101.874783,University of Mississippi,34.365529,-89.537434,,,2025-10-25 15:33:50
2008,,2009-01-03,12:00 PM,post,Buffalo,Connecticut,,,mac,big-east,True,20,38,3,17,0,0,0,7,10,7,14,0,10,19,2,17,4,9,1,1,0,0,29,43,221,4,6,66,19,24,49,358,237,407,0,6,1,0,5,25,3,29,19.77,23.67,40184,ESPN2,University of Connecticut,41.809098,-72.249948,University at Buffalo,43.000942,-78.789458,,,2025-10-25 15:33:50
2008,,2009-01-05,8:00 PM,post,Ohio State,Texas,10,3,big10,big12,True,21,24,3,3,0,15,0,0,3,14,7,0,21,33,4,12,6,17,0,0,3,4,10,25,202,41,58,459,39,203,29,54,379,468,0,0,0,1,7,67,8,65,18.53,17.93,72047,FOX,The University of Texas at Austin,30.282825,-97.738273,Ohio State University-Main Campus,39.999324,-83.014853,,,2025-10-25 15:33:50
2009,1,2009-09-05,3:40 PM,regular,Missouri,Illinois,,,big12,big10,True,37,9,10,6,14,7,0,0,3,0,6,0,21,18,9,17,6,16,1,1,0,2,26,35,341,22,37,223,37,117,35,110,442,325,0,1,0,1,5,45,4,40,18.57,18.1,,ESPN,University of Illinois at Urbana-Champaign,40.104718,-88.229114,University of Missouri-Columbia,38.94531,-92.328843,,,2025-10-25 15:33:50
2009,1,2009-09-05,7:00 PM,regular,BYU,Oklahoma,20,3,mwc,big12,True,14,13,0,7,0,7,0,7,3,0,3,0,17,15,8,17,2,11,1,1,0,0,26,38,348,16,26,148,33,28,31,118,357,265,2,2,2,0,10,87,12,93,22.05,14.22,,ESPN,University of Oklahoma-Norman Campus,35.209407,-97.444211,Brigham Young University-Provo,40.250851,-111.649281,,,2025-10-25 15:33:50
2009,5,2009-10-03,7:30 PM,regular,Texas A&M,Arkansas,,,big12,sec,True,19,47,10,0,3,6,0,7,23,7,10,0,27,16,7,18,5,12,0,3,0,0,30,58,354,17,27,281,35,113,31,163,458,434,2,2,0,1,8,87,7,52,19.42,21.13,,ESPN2,University of Arkansas,36.070009,-94.176981,Texas A & M University-College Station,30.618726,-96.336475,,,2025-10-25 15:33:50
2009,7,2009-10-17,12:00 PM,regular,Oklahoma,Texas,20,3,big12,big12,True,13,16,6,0,7,0,0,0,3,10,3,0,18,20,3,15,5,19,1,2,0,0,26,49,348,21,40,159,22,-16,40,142,311,269,3,2,2,1,10,125,11,103,21.38,20.77,,ABC,The University of Texas at Austin,30.282825,-97.738273,University of Oklahoma-Norman Campus,35.209407,-97.444211,,,2025-10-25 15:33:50
2009,9,2009-10-31,3:30 PM,regular,Georgia,Florida,,1,sec,sec,True,17,41,0,10,7,0,0,14,10,7,10,0,16,22,4,12,7,13,1,1,0,0,11,23,190,15,21,168,33,121,40,210,286,374,0,0,4,0,8,73,6,49,17.4,19.27,,CBS,University of Florida,29.64629,-82.347911,University of Georgia,33.956262,-83.374039,,,2025-10-25 15:33:50
2009,13,2009-11-28,3:30 PM,regular,Missouri,Kansas,,,big12,big12,True,41,39,3,10,20,8,0,14,7,7,11,0,25,25,5,14,9,15,1,1,0,0,23,41,312,37,55,522,35,250,19,49,553,547,1,2,0,1,10,106,10,67,17.88,17.97,,ABC,University of Kansas,38.958549,-95.247567,University of Missouri-Columbia,38.94531,-92.328843,,,2025-10-25 15:33:50
2009,13,2009-11-28,6:00 PM,regular,Texas Tech,Baylor,,,big12,big12,True,20,13,0,3,14,3,0,3,7,3,0,0,22,19,5,15,8,17,3,5,1,3,31,49,274,22,35,262,28,100,39,104,369,342,1,1,1,1,3,20,7,44,18.32,18.12,,,Baylor University,31.546872,-97.121041,Texas Tech University,33.583448,-101.874783,,,2025-10-25 15:33:50
2009,14,2009-12-04,8:00 PM,regular,Ohio,Central Michigan,,,mac,mac,True,10,20,7,0,3,0,0,10,7,3,0,0,16,28,4,13,10,17,1,2,0,0,11,27,192,28,39,271,29,108,41,126,275,381,1,0,0,1,6,60,9,80,14.15,22.52,,ESPN2,Central Michigan University,43.591203,-84.77525,Ohio University-Main Campus,39.326798,-82.100985,,,2025-10-25 15:33:50
2009,14,2009-12-05,8:00 PM,regular,Texas,Nebraska,3,22,big12,big12,True,13,12,0,7,3,3,0,6,0,0,6,0,17,5,6,19,2,16,0,0,1,1,20,36,236,6,20,47,38,18,35,67,202,106,0,0,3,3,7,45,7,64,19.23,17.02,,ABC,University of Nebraska-Lincoln,40.817598,-96.700508,The University of Texas at Austin,30.282825,-97.738273,,,2025-10-25 15:33:50
2009,,2009-12-19,8:00 PM,post,UCF,Rutgers,,,cusa,big-east,True,24,45,7,10,0,7,0,14,14,10,7,0,14,15,4,15,8,15,0,1,0,0,18,35,256,14,28,302,30,35,32,86,255,380,0,1,2,1,5,45,10,80,17.55,24.63,,ESPN,Rutgers University-New Brunswick,40.498769,-74.446251,University of Central Florida,28.602159,-81.200889,,,2025-10-25 15:33:50
2009,,2009-12-26,1:00 PM,post,Marshall,Ohio,,,cusa,mac,True,21,17,14,7,0,0,0,0,7,10,0,0,15,10,8,16,3,14,0,1,0,1,12,17,89,14,27,148,46,190,24,12,275,123,1,1,0,1,6,70,3,39,30.95,14.33,,ESPN,Ohio University-Main Campus,39.326798,-82.100985,Marshall University,38.422482,-82.428964,,,2025-10-25 15:33:50
2009,,2009-12-26,4:30 PM,post,Pittsburgh,North Carolina,17,,big-east,acc,True,19,17,0,13,3,3,0,7,3,7,0,0,17,18,6,15,6,13,1,1,1,2,17,24,182,19,33,205,36,129,29,81,292,264,1,1,0,1,4,26,8,78,15.32,18.58,,ESPN,University of North Carolina at Chapel Hill,35.911769,-79.050969,University of Pittsburgh-Pittsburgh Campus,40.444388,-79.953254,,,2025-10-25 15:33:50
2009,,2009-12-26,8:00 PM,post,Boston College,USC,,24,acc,pac12,True,13,24,0,13,0,0,0,7,7,3,7,0,18,20,4,12,6,12,0,1,0,0,14,33,234,27,37,360,30,94,29,88,312,438,1,0,1,2,4,30,6,37,15.62,21.05,,ESPN,University of Southern California,34.021281,-118.284169,Boston College,42.336213,-71.169242,,,2025-10-25 15:33:50
2009,,2009-12-28,5:00 PM,post,Texas A&M,Georgia,,,big12,sec,True,20,44,0,7,7,6,0,0,14,10,20,0,26,17,10,20,7,15,0,2,0,0,29,59,374,15,28,158,33,109,40,208,471,366,0,0,2,1,7,65,6,39,17.32,19.17,,ESPN2,University of Georgia,33.956262,-83.374039,Texas A & M University-College Station,30.618726,-96.336475,,,2025-10-25 15:33:50
2009,,2009-12-29,4:30 PM,post,UCLA,Temple,,,pac12,mac,True,30,21,7,3,7,13,0,7,14,0,0,0,13,16,5,15,5,16,1,1,0,2,16,31,228,13,23,179,28,93,42,123,314,282,0,0,1,2,4,40,3,10,16.42,19.42,,ESPN,Temple University,39.980546,-75.156859,University of California-Los Angeles,34.07178,-118.442179,,,2025-10-25 15:33:50
2009,,2009-12-29,8:00 PM,post,Miami (FL),Wisconsin,15,25,acc,big10,True,14,20,7,0,0,7,0,7,10,0,3,0,14,17,2,11,6,14,0,3,0,0,16,30,213,19,26,268,23,61,42,170,249,430,1,2,0,1,3,20,6,60,12.33,23.83,,ESPN,University of Wisconsin-Madison,43.075409,-89.404098,University of Miami,25.72126,-80.278662,,,2025-10-25 15:33:50
2009,,2009-12-31,3:30 PM,post,Navy,Missouri,,,ind,big12,True,35,13,7,7,7,14,0,7,3,0,3,0,28,17,8,15,4,11,2,3,0,1,9,14,137,15,31,323,67,391,26,65,521,356,2,1,0,2,2,10,0,0,24.7,11.62,,ESPN,University of Missouri-Columbia,38.94531,-92.328843,United States Naval Academy,38.980507,-76.481692,,,2025-10-25 15:33:50
2009,,2010-01-01,1:00 PM,post,Penn State,LSU,13,12,big10,sec,True,19,17,7,6,3,3,0,0,3,7,7,0,21,9,7,19,3,12,0,0,0,0,18,35,227,13,24,219,40,124,25,41,340,243,0,2,0,1,2,10,10,64,23.32,13.17,,ABC,Louisiana State University and Agricultural & Mechanical College,30.414986,-91.178921,Pennsylvania State University-Main Campus,40.7965,-77.862848,,,2025-10-25 15:33:50
2009,,2010-01-01,1:00 PM,post,West Virginia,Florida State,16,,big-east,acc,True,21,33,14,0,0,7,0,3,10,10,10,0,18,24,4,11,7,14,1,2,0,0,9,19,163,17,24,189,38,207,46,225,314,414,0,0,1,0,3,29,7,69,13.55,22.63,,CBS,Florida State University,30.440756,-84.291921,West Virginia University,39.634371,-79.954391,,,2025-10-25 15:33:50
2009,,2010-01-02,12:00 PM,post,USF,Northern Illinois,,,big-east,mac,True,27,3,3,0,10,14,0,0,3,0,0,0,18,11,7,15,3,13,0,0,0,2,14,22,261,12,26,134,40,189,31,108,406,238,1,1,0,1,4,28,3,33,26.67,16.65,,ESPN2,Northern Illinois University,41.933869,-88.766428,University of South Florida,28.061458,-82.413232,,,2025-10-25 15:33:50
2009,,2010-01-02,2:00 PM,post,Oklahoma State,Ole Miss,19,,big12,sec,True,7,21,0,0,7,0,0,0,7,0,14,0,9,20,2,13,9,19,0,2,0,1,14,32,127,15,30,193,28,140,50,193,259,364,3,1,4,4,5,57,9,67,15.05,21.28,,FOX,University of Mississippi,34.365529,-89.537434,Oklahoma State University-Main Campus,36.123085,-97.069743,,,2025-10-25 15:33:50
2009,,2010-01-02,2:00 PM,post,South Carolina,Connecticut,,,sec,big-east,True,7,20,0,0,0,7,0,10,3,0,7,0,12,17,3,15,9,19,2,5,0,0,16,38,154,9,22,115,26,76,48,146,205,253,1,1,1,0,4,41,0,0,14.77,21.28,,ESPN,University of Connecticut,41.809098,-72.249948,University of South Carolina-Columbia,33.996788,-81.026935,,,2025-10-25 15:33:50
2009,,2010-01-04,8:00 PM,post,Boise State,TCU,6,4,wac,mwc,True,17,10,7,3,0,7,0,0,7,3,0,0,16,17,6,18,1,12,2,2,0,1,24,40,240,25,44,283,32,77,20,36,317,308,1,0,0,3,7,70,7,53,21.08,15,,FOX,Texas Christian University,32.70961,-97.364758,Boise State University,43.604284,-116.203301,,,2025-10-25 15:33:50
2010,1,2010-09-04,12:30 PM,regular,Illinois,Missouri,,,big10,big12,True,13,23,3,10,0,0,0,0,3,7,13,0,16,23,5,12,9,18,0,1,0,0,9,23,90,34,48,295,41,200,29,98,281,379,1,1,3,0,7,44,7,80,18.65,18.02,,,University of Missouri-Columbia,38.94531,-92.328843,University of Illinois at Urbana-Champaign,40.104718,-88.229114,,,2025-10-25 15:33:50
2010,1,2010-09-04,2:00 PM,regular,Colorado,Colorado State,,,big12,mwc,True,24,3,7,10,7,0,0,0,0,0,3,0,18,14,5,13,1,12,0,0,0,2,17,25,221,24,33,208,35,115,25,49,307,245,0,0,1,3,10,101,2,29,19.83,16.62,,,Colorado State University-Fort Collins,40.574805,-105.080732,University of Colorado Boulder,40.008781,-105.270823,,,2025-10-25 15:33:50
2010,1,2010-09-04,3:30 PM,regular,Texas,Rice,5,,big12,cusa,True,34,17,0,24,7,3,0,3,7,0,7,0,20,14,7,14,4,14,0,1,0,0,14,24,172,12,18,163,46,197,42,88,369,219,1,1,0,1,4,30,4,40,27.15,17.42,,ESPN3,Rice University,29.717897,-95.402035,The University of Texas at Austin,30.282825,-97.738273,,,2025-10-25 15:33:50
2010,1,2010-09-04,7:00 PM,regular,Louisiana Tech,Grambling State,,,wac,,True,20,6,7,10,0,3,0,3,0,3,0,0,20,18,4,13,4,14,0,1,0,0,23,31,212,15,25,175,38,140,37,102,336,260,1,0,0,2,9,70,8,52,16.95,19.72,,,Grambling State University,32.523797,-92.713245,Louisiana Tech University,32.528297,-92.649963,,,2025-10-25 15:33:50
2010,1,2010-09-04,7:45 PM,regular,Oregon State,TCU,24,6,pac12,mwc,True,21,30,7,7,7,0,0,7,14,7,2,0,13,28,4,11,11,17,1,1,0,0,10,26,188,17,27,181,25,73,54,278,255,453,0,0,0,2,4,30,6,45,12.2,23.53,,ESPN3,Texas Christian University,32.70961,-97.364758,Oregon State University,44.56395,-123.274723,,,2025-10-25 15:33:50
2010,1,2010-09-06,4:00 PM,regular,Navy,Maryland,,,ind,acc,True,14,17,0,7,7,0,0,14,0,0,3,0,26,11,10,18,1,5,1,2,0,0,6,10,78,2,5,22,72,412,34,261,485,272,2,1,0,1,5,35,4,30,23.78,12.32,,ESPN3,University of Maryland-College Park,38.988178,-76.944721,United States Naval Academy,38.980507,-76.481692,,,2025-10-25 15:33:50
2010,1,2010-09-06,8:00 PM,regular,Boise State,Virginia Tech,3,10,wac,acc,True,33,30,17,3,6,7,0,0,14,13,3,0,18,22,6,15,4,12,0,0,1,2,23,38,234,15,22,198,24,168,44,128,383,314,2,1,0,0,11,105,7,75,15.28,20.32,,ESPN3,Virginia Polytechnic Institute and State University,37.229012,-80.423675,Boise State University,43.604284,-116.203301,,,2025-10-25 15:33:50
2010,2,2010-09-11,12:00 PM,regular,Michigan State,Florida Atlantic,,,big10,sun-belt,True,30,17,10,10,7,3,0,7,0,7,3,0,17,20,1,7,7,16,0,0,2,2,9,17,153,24,37,271,30,225,34,45,367,301,1,1,1,0,4,43,10,70,13.35,22.23,,ESPNU,Florida Atlantic University,26.372421,-80.102978,Michigan State University,42.73212,-84.476111,,,2025-10-25 15:33:50
2010,2,2010-09-11,7:00 PM,regular,Arkansas,UL-Monroe,14,,sec,sun-belt,True,31,7,7,0,7,17,0,0,0,0,7,0,26,10,6,14,3,14,1,4,1,1,28,43,407,8,19,89,31,99,37,116,499,188,2,1,1,1,6,46,8,70,19.85,16.82,,ESPN3,University of Louisiana at Monroe,32.527748,-92.07374,University of Arkansas,36.070009,-94.176981,,,2025-10-25 15:33:50
2010,3,2010-09-18,12:00 PM,regular,Iowa State,Kansas State,,,big12,big12,True,20,27,0,7,10,3,0,3,7,7,10,0,20,24,5,15,4,9,3,4,0,1,15,28,132,6,12,112,40,171,50,262,293,366,1,0,0,1,8,64,4,37,19.47,17.2,,,Kansas State University,39.188648,-96.581077,Iowa State University,42.026212,-93.648504,,,2025-10-25 15:33:50
2010,5,2010-10-02,3:30 PM,regular,Texas,Oklahoma,21,8,big12,big12,True,20,28,7,0,3,10,0,14,7,0,7,0,15,26,5,16,9,20,1,1,1,3,27,42,293,24,39,259,22,107,52,124,373,360,1,0,1,0,9,81,5,29,24.37,20.28,,ABC,University of Oklahoma-Norman Campus,35.209407,-97.444211,The University of Texas at Austin,30.282825,-97.738273,,,2025-10-25 15:33:50
2010,6,2010-10-09,12:00 PM,regular,Baylor,Texas Tech,,,big12,big12,True,38,45,14,14,3,7,0,14,21,10,0,0,22,35,7,15,10,16,1,2,1,1,33,45,434,42,59,484,30,80,36,173,507,635,0,0,0,1,9,65,6,42,18.8,17.65,,,Texas Tech University,33.583448,-101.874783,Baylor University,31.546872,-97.121041,,,2025-10-25 15:33:50
2010,6,2010-10-09,3:30 PM,regular,Arkansas,Texas A&M,11,,sec,big12,True,24,17,14,7,3,0,0,7,7,3,0,0,18,17,6,17,4,17,0,1,2,2,27,38,332,15,41,224,36,132,33,112,442,324,1,3,1,1,13,108,10,65,20.88,15.78,,ABC,Texas A & M University-College Station,30.618726,-96.336475,University of Arkansas,36.070009,-94.176981,,,2025-10-25 15:33:50
2010,8,2010-10-23,12:00 PM,regular,Notre Dame,Navy,,,ind,ind,True,17,35,3,7,0,7,0,7,14,14,0,0,22,21,6,12,10,13,1,3,0,0,25,38,262,2,2,71,30,106,60,367,363,438,0,0,2,0,1,15,0,0,14.85,21.82,,CBS,United States Naval Academy,38.980507,-76.481692,University of Notre Dame,41.703058,-86.238959,,,2025-10-25 15:33:50
2010,9,2010-10-30,3:30 PM,regular,Florida,Georgia,,,sec,sec,True,34,31,0,21,0,10,3,0,7,3,21,0,23,22,4,14,8,15,0,1,0,0,18,27,240,18,37,336,50,231,34,126,450,439,0,1,1,3,9,54,2,25,18.63,18.03,,CBS,University of Georgia,33.956262,-83.374039,University of Florida,29.64629,-82.347911,,,2025-10-25 15:33:50
2010,12,2010-11-20,12:00 PM,regular,Penn State,Indiana,,,big10,big10,True,41,24,7,10,14,10,0,0,14,10,0,0,24,18,11,17,4,13,0,1,0,2,24,33,331,23,42,253,42,171,21,90,496,332,0,0,0,1,5,35,0,0,22.6,13.62,,BIG10,Indiana University-Bloomington,39.16609,-86.526559,Pennsylvania State University-Main Campus,40.7965,-77.862848,,,2025-10-25 15:33:50
2010,12,2010-11-20,7:00 PM,regular,Army,Notre Dame,,,ind,ind,True,3,27,3,0,0,0,0,0,17,10,0,0,8,15,7,16,8,14,0,0,0,0,2,8,39,13,20,214,43,135,38,155,174,369,0,0,2,1,3,28,5,55,17.35,18.63,,NBC,University of Notre Dame,41.703058,-86.238959,United States Military Academy,41.390479,-73.956603,,,2025-10-25 15:33:50
2010,13,2010-11-27,12:30 PM,regular,Kansas,Missouri,,14,big12,big12,True,7,35,0,0,7,0,0,14,7,7,7,0,12,21,4,15,9,16,1,3,1,1,7,24,86,16,26,186,36,96,46,218,141,397,0,0,3,2,2,15,9,117,16.3,20.33,,,University of Missouri-Columbia,38.94531,-92.328843,University of Kansas,38.958549,-95.247567,,,2025-10-25 15:33:50
2010,14,2010-12-03,7:00 PM,regular,Northern Illinois,Miami (OH),25,,mac,mac,True,21,26,14,0,0,7,0,13,0,7,6,0,18,19,6,13,6,16,0,1,2,3,15,29,309,29,46,362,32,92,26,99,373,432,1,0,0,0,3,15,1,5,16.05,20.5,,ESPN3,Miami University-Oxford,39.507757,-84.732954,Northern Illinois University,41.933869,-88.766428,,,2025-10-25 15:33:50
2010,14,2010-12-04,7:45 PM,regular,Florida State,Virginia Tech,21,15,acc,acc,True,33,44,10,7,7,9,0,14,7,14,9,0,19,21,6,12,13,18,1,3,1,2,23,32,291,18,28,269,28,53,43,179,341,442,0,0,2,0,0,0,4,36,14.9,21.25,,ESPN3,Virginia Polytechnic Institute and State University,37.229012,-80.423675,Florida State University,30.440756,-84.291921,,,2025-10-25 15:33:50
2010,14,2010-12-04,8:00 PM,regular,Oklahoma,Nebraska,9,13,big12,big12,True,23,20,0,17,3,3,0,10,10,0,0,0,19,13,1,16,4,17,2,4,1,2,23,41,364,13,28,200,38,112,43,145,454,293,0,3,1,1,6,47,3,15,17.33,19.65,,ABC,University of Nebraska-Lincoln,40.817598,-96.700508,University of Oklahoma-Norman Campus,35.209407,-97.444211,,,2025-10-25 15:33:50
2010,,2010-12-21,8:00 PM,post,Southern Miss,Louisville,,,cusa,big-east,True,28,31,14,7,0,7,0,0,21,0,10,0,24,15,5,16,7,15,1,2,0,0,21,34,234,20,32,179,40,170,29,109,396,287,1,1,0,0,6,45,9,54,17.47,18.95,,ESPN3,University of Louisville,38.216862,-85.760412,University of Southern Mississippi,31.32661,-89.331236,,,2025-10-25 15:33:50
2010,,2010-12-24,8:00 PM,post,Hawaii,Tulsa,24,,wac,cusa,True,35,62,0,14,14,7,0,10,17,21,14,0,28,18,3,12,3,11,2,3,0,0,30,56,525,17,32,373,27,71,31,188,550,531,1,2,5,0,6,42,4,45,20.17,16.5,,ESPN3,University of Tulsa,36.152324,-95.945941,University of Hawaii at Manoa,21.298598,-157.818979,,,2025-10-25 15:33:50
2010,,2010-12-26,8:30 PM,post,FIU,Toledo,,,sun-belt,mac,True,34,32,0,7,14,13,0,7,14,3,8,0,15,24,2,13,4,13,3,4,1,1,16,28,164,15,27,151,37,168,43,304,308,436,0,1,1,3,4,44,9,57,17.65,19.37,,ESPN3,University of Toledo,41.660572,-83.614714,Florida International University,25.75732,-80.373928,,,2025-10-25 15:33:50
2010,,2010-12-27,5:00 PM,post,Air Force,Georgia Tech,,,mwc,acc,True,14,7,3,3,0,8,0,7,0,0,0,0,17,18,6,18,8,18,2,5,2,3,11,23,117,5,14,51,49,170,57,279,287,320,0,3,0,1,1,5,3,22,18.67,24.02,,ESPN3,Georgia Institute of Technology-Main Campus,33.77242,-84.394832,United States Air Force Academy,39.010957,-104.891358,,,2025-10-25 15:33:51
2010,,2010-12-28,6:30 PM,post,West Virginia,NC State,22,,big-east,acc,True,7,23,0,7,0,0,0,7,3,6,7,0,19,21,6,13,8,20,0,1,0,1,22,39,219,28,45,294,25,130,36,103,326,378,4,1,1,0,3,31,4,39,13.53,28.3,,ESPN3,North Carolina State University at Raleigh,35.785111,-78.674517,West Virginia University,39.634371,-79.954391,,,2025-10-25 15:33:51
2010,,2010-12-29,2:30 PM,post,East Carolina,Maryland,,,cusa,acc,True,20,51,0,3,10,7,0,6,10,21,14,0,19,19,7,19,5,11,1,3,1,1,39,62,324,13,22,181,21,32,38,297,343,478,2,0,2,2,15,120,11,98,17.92,18,,ESPN3,University of Maryland-College Park,38.988178,-76.944721,East Carolina University,35.607186,-77.368291,,,2025-10-25 15:33:51
2010,,2010-12-29,6:00 PM,post,Illinois,Baylor,,,big10,big12,True,38,14,6,10,8,14,0,0,0,7,7,0,25,24,6,14,2,10,0,0,1,2,18,23,259,31,43,333,50,291,29,124,533,437,0,2,0,0,6,51,7,74,20.58,16.08,,ESPN3,Baylor University,31.546872,-97.121041,University of Illinois at Urbana-Champaign,40.104718,-88.229114,,,2025-10-25 15:33:51
2010,,2010-12-30,3:20 PM,post,Kansas State,Syracuse,,,big12,big-east,True,34,36,7,7,7,13,0,7,7,13,9,0,19,23,6,14,8,14,3,4,0,2,18,25,259,13,22,250,36,121,43,259,379,498,0,0,0,0,4,35,4,45,18.98,17.33,,ESPN3,Syracuse University,43.040176,-76.136975,Kansas State University,39.188648,-96.581077,,,2025-10-25 15:33:51
2010,,2010-12-31,12:00 PM,post,USF,Clemson,,,big-east,acc,True,31,26,7,10,7,7,0,3,10,0,13,0,18,17,9,14,5,16,0,0,3,3,20,28,202,24,41,262,37,90,27,50,279,296,1,0,1,2,3,40,6,46,18.58,17.75,,ESPN3,Clemson University,34.679381,-82.835114,University of South Florida,28.061458,-82.413232,,,2025-10-25 15:33:51
2010,,2010-12-31,2:00 PM,post,Notre Dame,Miami (FL),,,ind,acc,True,33,17,14,13,3,3,0,0,3,0,14,0,22,20,9,19,7,12,1,1,0,1,15,29,201,26,40,335,48,196,25,87,397,406,0,0,0,4,3,20,10,90,22.45,13.22,,CBS,University of Miami,25.72126,-80.278662,University of Notre Dame,41.703058,-86.238959,,,2025-10-25 15:33:51
2010,,2011-01-01,12:00 PM,post,Northwestern,Texas Tech,,,big10,big12,True,38,45,0,6,18,14,0,10,14,14,7,0,23,34,6,16,8,15,3,4,1,1,14,30,150,43,56,369,50,229,29,183,375,552,0,1,1,1,7,52,3,34,18.33,17.63,,ESPNU,Texas Tech University,33.583448,-101.874783,Northwestern University,42.050356,-87.679858,,,2025-10-25 15:33:51
2010,,2011-01-01,1:00 PM,post,Alabama,Michigan State,16,9,sec,big10,True,49,7,7,21,14,7,0,0,0,0,7,0,25,12,8,13,6,16,1,1,1,2,19,23,271,14,29,287,44,275,28,-48,546,171,0,0,0,1,3,25,8,45,19.7,16.17,,ESPN3,Michigan State University,42.73212,-84.476111,The University of Alabama,33.211875,-87.545978,,,2025-10-25 15:33:51
2010,,2011-01-01,1:30 PM,post,Mississippi State,Michigan,21,,sec,big10,True,52,14,10,21,14,7,0,14,0,0,0,0,26,17,9,17,2,10,5,5,0,5,18,23,300,27,41,254,58,204,25,88,485,342,0,1,1,1,3,23,5,40,21.6,14.48,,ESPN3,University of Michigan-Ann Arbor,42.275921,-83.742769,Mississippi State University,33.454852,-88.790139,,,2025-10-25 15:33:51
2010,,2011-01-01,8:30 PM,post,Connecticut,Oklahoma,,7,big-east,big12,True,20,48,0,10,10,0,0,14,6,14,14,0,19,27,5,17,7,15,0,3,0,1,19,39,242,34,50,429,41,112,30,95,335,524,0,1,2,1,3,25,1,3,18.82,24.08,,ESPN3,University of Oklahoma-Norman Campus,35.209407,-97.444211,University of Connecticut,41.809098,-72.249948,,,2025-10-25 15:33:51
2010,,2011-01-07,8:30 PM,post,LSU,Texas A&M,11,17,sec,big12,True,41,24,7,21,7,6,0,10,7,0,7,0,24,23,9,15,3,9,0,0,1,1,10,19,168,23,36,237,55,288,29,155,446,373,0,1,1,3,3,25,4,40,22.4,13.2,,FOX,Texas A & M University-College Station,30.618726,-96.336475,Louisiana State University and Agricultural & Mechanical College,30.414986,-91.178921,,,2025-10-25 15:33:51
2010,,2011-01-09,9:00 PM,post,Nevada,Boston College,15,,wac,acc,True,20,13,14,3,3,0,0,7,0,3,3,0,16,12,6,18,4,15,0,0,0,0,20,33,201,14,34,140,40,114,25,64,306,185,2,0,1,2,6,75,6,51,21.17,15.45,,ESPN3,Boston College,42.336213,-71.169242,University of Nevada-Reno,39.543642,-119.815377,,,2025-10-25 15:33:51
2010,,2011-01-10,8:38 PM,post,Auburn,Oregon,1,2,sec,pac12,True,22,19,0,16,3,3,0,0,11,0,8,0,28,23,9,17,5,15,0,1,2,3,20,35,278,28,41,378,50,254,32,75,519,449,1,0,1,2,5,47,6,37,20.22,16.45,,ESPN3,University of Oregon,44.045146,-123.075792,Auburn University,32.599378,-85.488258,,,2025-10-25 15:33:51
2011,1,2011-09-03,7:00 PM,regular,Indiana,Ball State,,,big10,mac,True,20,27,7,10,0,3,0,0,14,10,3,0,18,24,8,16,10,15,1,2,0,0,20,32,288,23,29,173,32,103,46,210,375,383,0,0,0,0,3,44,5,54,14.37,22.08,,,Ball State University,40.203431,-85.409043,Indiana University-Bloomington,39.16609,-86.526559,,,2025-10-25 15:33:51
2011,1,2011-09-03,7:00 PM,regular,East Carolina,South Carolina,,12,cusa,sec,True,37,56,7,17,7,6,0,0,14,28,14,0,21,16,9,19,6,12,2,2,2,2,37,56,260,10,25,137,28,85,40,220,345,351,4,4,1,0,3,30,8,55,18.13,26.58,,ESPN3,University of South Carolina-Columbia,33.996788,-81.026935,East Carolina University,35.607186,-77.368291,,,2025-10-25 15:33:51
2011,1,2011-09-03,8:00 PM,regular,Oregon,LSU,3,4,pac12,sec,True,27,40,6,7,0,14,0,3,13,14,10,0,18,18,9,19,6,15,1,2,0,0,31,54,240,10,22,104,28,95,48,175,335,273,3,1,1,0,12,95,5,31,16.22,19.73,,ABC,Louisiana State University and Agricultural & Mechanical College,30.414986,-91.178921,University of Oregon,44.045146,-123.075792,,,2025-10-25 15:33:51
2011,3,2011-09-17,1:30 PM,regular,Colorado State,Colorado,,,mwc,pac12,True,14,28,7,0,0,7,0,0,14,7,7,0,16,23,5,13,8,15,0,1,0,0,20,30,196,17,32,225,25,67,34,145,243,360,1,0,0,0,9,75,10,114,16.83,19.33,,,University of Colorado Boulder,40.008781,-105.270823,Colorado State University-Fort Collins,40.574805,-105.080732,,,2025-10-25 15:33:51
2011,3,2011-09-17,3:30 PM,regular,Wisconsin,Northern Illinois,7,,big10,mac,True,49,7,14,14,14,7,0,7,0,0,0,0,34,11,10,14,4,13,0,0,0,0,24,34,355,17,27,183,47,266,25,64,621,237,0,0,1,0,6,45,4,35,21.83,13.42,,ESPN3,Northern Illinois University,41.933869,-88.766428,University of Wisconsin-Madison,43.075409,-89.404098,,,2025-10-25 15:33:51
2011,5,2011-10-01,12:00 PM,regular,Texas A&M,Arkansas,14,18,big12,sec,True,38,42,14,21,0,3,0,7,10,10,15,0,30,28,7,15,8,17,0,1,0,0,25,35,247,30,51,541,54,381,30,71,628,581,1,0,1,0,7,72,14,112,19.27,17.4,,ESPN3,University of Arkansas,36.070009,-94.176981,Texas A & M University-College Station,30.618726,-96.336475,,,2025-10-25 15:33:51
2011,6,2011-10-08,12:00 PM,regular,Oklahoma,Texas,3,11,big12,big12,True,55,17,6,28,14,7,0,3,7,0,7,0,22,22,8,15,5,16,0,2,1,3,31,52,371,20,36,307,19,86,45,36,453,259,1,3,0,2,7,68,5,60,13.23,22.37,,ABC,The University of Texas at Austin,30.282825,-97.738273,University of Oklahoma-Norman Campus,35.209407,-97.444211,,,2025-10-25 15:33:51
2011,9,2011-10-28,8:00 PM,regular,BYU,TCU,,,ind,mwc,True,28,38,10,0,10,8,0,14,14,7,3,0,24,14,8,15,5,14,0,3,1,1,15,31,230,13,23,157,50,139,39,136,354,283,1,0,2,0,5,39,6,58,18.6,17.23,,ESPN3,Texas Christian University,32.70961,-97.364758,Brigham Young University-Provo,40.250851,-111.649281,,,2025-10-25 15:33:51
2011,9,2011-10-29,3:30 PM,regular,Georgia,Florida,22,,sec,sec,True,24,20,0,10,7,7,0,7,10,3,0,0,23,11,7,19,2,13,3,3,1,2,15,34,180,12,34,288,49,185,22,-19,354,226,0,2,1,0,4,22,14,106,23,13.47,,CBS,University of Florida,29.64629,-82.347911,University of Georgia,33.956262,-83.374039,,,2025-10-25 15:33:51
2011,11,2011-11-12,3:30 PM,regular,Rutgers,Army,,,big-east,ind,True,27,12,0,6,7,14,0,6,0,0,6,0,18,12,5,10,6,18,0,0,1,4,17,27,208,6,15,82,26,118,54,228,314,305,0,0,2,0,4,25,6,59,14.92,21.58,,,United States Military Academy,41.390479,-73.956603,Rutgers University-New Brunswick,40.498769,-74.446251,,,2025-10-25 15:33:51
2011,11,2011-11-12,7:30 PM,regular,Maryland,Notre Dame,,,acc,ind,True,21,45,0,7,0,14,0,10,14,14,7,0,20,30,3,12,10,16,2,2,1,1,20,31,219,30,38,318,35,145,46,212,364,508,0,0,1,0,5,36,3,35,15.57,20.77,,NBC,University of Notre Dame,41.703058,-86.238959,University of Maryland-College Park,38.988178,-76.944721,,,2025-10-25 15:33:51
2011,13,2011-11-26,3:30 PM,regular,Missouri,Kansas,,,big12,big12,True,24,10,0,3,14,7,0,0,10,0,0,0,18,10,4,14,3,16,0,0,2,4,13,21,196,10,21,93,48,171,38,65,351,137,0,1,3,2,2,25,6,49,19.2,17.15,,,University of Kansas,38.958549,-95.247567,University of Missouri-Columbia,38.94531,-92.328843,,,2025-10-25 15:33:51
2011,14,2011-12-02,7:00 PM,regular,Ohio,Northern Illinois,,,mac,mac,True,20,23,10,10,0,0,0,0,0,7,16,0,21,19,7,18,6,13,1,1,0,0,19,32,258,16,26,260,39,130,36,155,372,405,0,3,3,1,5,45,4,30,20.37,15.83,,ESPN3,Northern Illinois University,41.933869,-88.766428,Ohio University-Main Campus,39.326798,-82.100985,,,2025-10-25 15:33:51
2011,14,2011-12-03,4:00 PM,regular,Georgia,LSU,16,1,sec,sec,True,10,42,10,0,0,0,0,0,7,21,14,0,19,13,7,21,1,9,1,2,0,0,20,51,250,5,13,53,34,78,35,207,296,237,1,0,2,0,9,87,8,54,22.6,14.07,,CBS,Louisiana State University and Agricultural & Mechanical College,30.414986,-91.178921,University of Georgia,33.956262,-83.374039,,,2025-10-25 15:33:51
2011,14,2011-12-03,8:00 PM,regular,Virginia Tech,Clemson,11,15,acc,acc,True,10,38,7,3,0,0,0,7,3,21,7,0,19,25,7,16,6,14,1,3,0,1,22,44,296,20,30,246,29,56,45,217,330,457,1,0,2,0,9,91,5,35,17.82,18.07,,ESPN3,Clemson University,34.679381,-82.835114,Virginia Polytechnic Institute and State University,37.229012,-80.423675,,,2025-10-25 15:33:51
2011,15,2011-12-10,2:30 PM,regular,Army,Navy,,,ind,ind,True,21,27,0,14,7,0,0,7,7,7,6,0,19,21,6,11,6,14,0,1,2,2,4,6,82,1,3,32,50,298,66,296,375,309,3,2,0,0,5,45,2,10,15.03,21.63,,CBS,United States Naval Academy,38.980507,-76.481692,United States Military Academy,41.390479,-73.956603,,,2025-10-25 15:33:51
2011,,2011-12-17,9:00 PM,post,San Diego State,UL-Lafayette,,,mwc,sun-belt,True,30,32,3,0,14,13,0,6,7,6,13,0,29,25,9,17,11,18,0,1,1,2,28,49,422,25,44,492,31,68,30,76,481,568,0,0,0,1,4,30,9,76,20.05,16.52,,ESPN3,University of Louisiana at Lafayette,30.212191,-92.020165,San Diego State University,32.77525,-117.071228,,,2025-10-25 15:33:51
2011,,2011-12-20,8:00 PM,post,FIU,Marshall,,,sun-belt,cusa,True,10,20,7,3,0,0,0,3,7,0,10,0,12,14,4,15,6,17,0,0,1,2,20,32,174,27,39,233,27,88,30,84,251,310,1,0,0,1,5,25,8,60,16.18,20.48,,ESPN3,Marshall University,38.422482,-82.428964,Florida International University,25.75732,-80.373928,,,2025-10-25 15:33:51
2011,,2011-12-26,5:00 PM,post,Missouri,North Carolina,,,big12,acc,True,41,24,14,17,7,3,0,7,3,7,7,0,27,20,10,14,8,14,0,0,0,1,17,26,176,27,42,321,46,337,19,36,513,353,0,1,1,1,6,49,2,20,21,15.67,,ESPN3,University of North Carolina at Chapel Hill,35.911769,-79.050969,University of Missouri-Columbia,38.94531,-92.328843,,,2025-10-25 15:33:51
2011,,2011-12-27,4:30 PM,post,Western Michigan,Purdue,,,mac,big10,True,32,37,8,7,10,7,0,7,20,7,3,0,30,23,5,12,4,14,1,4,0,0,31,58,464,15,21,200,23,46,56,265,485,442,3,4,4,0,3,29,9,54,14.35,34.15,,ESPN3,Purdue University-Main Campus,40.428206,-86.914435,Western Michigan University,42.282194,-85.613759,,,2025-10-25 15:33:51
2011,,2011-12-27,8:00 PM,post,Louisville,NC State,,,big-east,acc,True,24,31,7,3,7,7,0,7,14,10,0,0,18,19,7,17,5,12,1,4,0,3,24,43,307,21,33,270,35,117,28,65,391,329,0,3,3,1,4,52,8,47,19.37,17.2,,ESPN3,North Carolina State University at Raleigh,35.785111,-78.674517,University of Louisville,38.216862,-85.760412,,,2025-10-25 15:33:51
2011,,2011-12-28,4:30 PM,post,Toledo,Air Force,,,mac,mwc,True,42,41,21,7,7,7,0,14,14,7,6,0,17,20,5,11,7,18,0,0,5,6,21,27,226,13,22,168,32,123,55,248,339,407,1,1,1,1,5,46,3,15,15.13,20.38,,ESPN3,United States Air Force Academy,39.010957,-104.891358,University of Toledo,41.660572,-83.614714,,,2025-10-25 15:33:51
2011,,2011-12-29,5:30 PM,post,Florida State,Notre Dame,,,acc,ind,True,18,14,0,0,3,15,0,7,0,7,0,0,13,19,3,14,7,15,0,1,0,0,20,31,293,19,35,215,29,41,35,93,290,280,1,0,0,3,5,44,5,39,18.2,18.45,,ESPN3,University of Notre Dame,41.703058,-86.238959,Florida State University,30.440756,-84.291921,,,2025-10-25 15:33:51
2011,,2011-12-30,3:20 PM,post,Rutgers,Iowa State,,,big-east,big12,True,27,13,0,17,0,10,0,6,0,0,7,0,17,19,2,13,2,13,2,2,1,2,13,24,196,17,39,245,42,173,29,91,369,311,0,1,0,2,5,35,4,25,21.25,15.42,,ESPN3,Iowa State University,42.026212,-93.648504,Rutgers University-New Brunswick,40.498769,-74.446251,,,2025-10-25 15:33:51
2011,,2011-12-31,12:00 PM,post,Texas A&M,Northwestern,,,big12,big10,True,33,22,3,17,10,3,0,0,7,0,15,0,22,24,7,14,5,15,0,0,2,2,27,40,336,27,40,293,27,80,38,52,409,278,0,0,1,0,7,67,8,67,16.02,20.65,,ESPN3,Northwestern University,42.050356,-87.679858,Texas A & M University-College Station,30.618726,-96.336475,,,2025-10-25 15:33:51
2011,,2011-12-31,3:30 PM,post,Illinois,UCLA,,,big10,pac12,True,20,14,0,3,7,10,0,0,7,0,7,0,17,14,7,18,5,14,1,3,0,0,19,33,163,14,29,228,43,178,30,18,326,219,0,1,1,1,6,51,3,15,20.27,16.17,,ESPN3,University of California-Los Angeles,34.07178,-118.442179,University of Illinois at Urbana-Champaign,40.104718,-88.229114,,,2025-10-25 15:33:51
2011,,2012-01-02,12:00 PM,post,Houston,Penn State,19,22,cusa,big10,True,30,14,17,7,3,3,0,0,7,7,0,0,25,14,6,17,6,18,0,1,0,1,45,69,546,7,27,154,16,68,44,169,600,306,0,0,0,3,6,55,6,55,16.92,19.3,,ESPNU,Pennsylvania State University-Main Campus,40.7965,-77.862848,University of Houston,29.720393,-95.343537,,,2025-10-25 15:33:51
2011,,2012-01-02,1:00 PM,post,Nebraska,South Carolina,20,9,big10,sec,True,13,30,13,0,0,0,0,9,7,0,14,0,17,16,3,13,4,13,1,1,3,3,10,16,157,11,17,261,46,137,40,121,253,351,1,0,1,0,10,58,6,66,18.63,17.62,,ESPN3,University of South Carolina-Columbia,33.996788,-81.026935,University of Nebraska-Lincoln,40.817598,-96.700508,,,2025-10-25 15:33:51
2011,,2012-01-02,1:00 PM,post,Ohio State,Florida,,,big10,sec,True,17,24,0,10,0,7,0,7,7,7,3,0,20,14,2,10,6,12,0,0,0,0,18,23,196,12,16,132,37,137,38,131,299,263,2,2,0,1,4,25,7,74,19.23,16.53,,ESPN3,University of Florida,29.64629,-82.347911,Ohio State University-Main Campus,39.999324,-83.014853,,,2025-10-25 15:33:51
2011,,2012-01-02,8:50 PM,post,Stanford,Oklahoma State,4,3,pac12,big12,True,38,41,7,14,7,10,0,0,21,3,14,3,27,15,8,14,4,12,0,0,2,2,27,31,361,29,42,408,50,243,15,13,590,412,1,0,1,1,6,35,1,5,25.6,10.77,,ESPN3,Oklahoma State University-Main Campus,36.123085,-97.069743,Stanford University,37.429434,-122.167359,,,2025-10-25 15:33:51
2011,,2012-01-03,8:30 PM,post,Michigan,Virginia Tech,13,11,big10,acc,True,23,20,0,10,7,3,3,3,3,3,11,0,12,22,4,13,6,15,1,1,1,3,10,22,153,19,28,218,30,56,48,163,184,377,0,1,1,1,4,26,7,68,14.5,22.32,,ESPN3,Virginia Polytechnic Institute and State University,37.229012,-80.423675,University of Michigan-Ann Arbor,42.275921,-83.742769,,,2025-10-25 15:33:51
2011,,2012-01-06,8:30 PM,post,Kansas State,Arkansas,8,6,big12,sec,True,16,29,0,9,7,0,0,3,16,7,3,0,19,13,4,15,8,17,1,2,0,1,16,30,201,20,31,235,40,87,30,129,260,345,1,1,1,0,5,38,6,43,20.32,15.97,,FOX,University of Arkansas,36.070009,-94.176981,Kansas State University,39.188648,-96.581077,,,2025-10-25 15:33:51
2011,,2012-01-09,8:30 PM,post,Alabama,LSU,2,1,sec,sec,True,21,0,3,6,6,6,0,0,0,0,0,0,21,5,3,14,2,12,2,2,0,1,23,34,243,11,17,79,35,150,27,39,384,92,0,1,0,1,1,5,5,35,21.43,15.23,,ESPN3,Louisiana State University and Agricultural & Mechanical College,30.414986,-91.178921,The University of Alabama,33.211875,-87.545978,,,2025-10-25 15:33:51
2012,1,2012-09-01,9:00 AM,regular,Notre Dame,Navy,,,ind,ind,True,50,10,13,14,13,10,0,0,3,7,0,0,27,19,7,10,4,9,0,0,0,1,16,23,197,14,20,192,46,293,40,149,490,341,0,3,1,1,4,30,2,15,33.62,26.38,48820,CBS,United States Naval Academy,38.980507,-76.481692,University of Notre Dame,41.703058,-86.238959,,,2025-10-25 15:33:51
2012,1,2012-09-01,3:30 PM,regular,Iowa,Northern Illinois,,,big10,mac,True,18,17,3,3,3,9,0,0,10,7,0,0,23,12,8,18,6,15,1,1,0,1,21,33,129,6,16,54,49,139,36,147,268,201,0,1,0,0,3,30,5,21,38.7,21.3,52117,ESPNU,Northern Illinois University,41.933869,-88.766428,University of Iowa,41.661935,-91.536425,,,2025-10-25 15:33:51
2012,1,2012-09-01,4:00 PM,regular,Colorado State,Colorado,,,mwc,pac12,True,22,17,3,6,7,6,0,0,14,0,3,0,19,17,5,15,5,16,0,1,1,3,14,21,173,22,41,187,44,125,29,58,298,245,1,2,0,0,8,89,7,60,33.03,40.7,58607,FX,University of Colorado Boulder,40.008781,-105.270823,Colorado State University-Fort Collins,40.574805,-105.080732,,,2025-10-25 15:33:51
2012,1,2012-09-01,8:00 PM,regular,Michigan,Alabama,8,2,big10,sec,True,14,41,0,7,7,0,0,21,10,3,7,0,11,20,3,12,3,10,0,1,0,0,11,27,200,11,21,199,29,69,42,232,269,431,0,1,3,0,8,86,7,55,27.68,31.43,90413,ABC,The University of Alabama,33.211875,-87.545978,University of Michigan-Ann Arbor,42.275921,-83.742769,,,2025-10-25 15:33:51
2012,2,2012-09-08,3:30 PM,regular,USC,Syracuse,2,,pac12,big-east,True,42,29,0,14,7,21,0,0,3,13,13,0,17,27,6,12,8,17,1,3,2,2,23,30,187,30,46,322,33,258,41,133,445,455,0,0,1,2,12,82,5,40,30.77,29.23,39507,ABC,Syracuse University,43.040176,-76.136975,University of Southern California,34.021281,-118.284169,,,2025-10-25 15:33:51
2012,2,2012-09-08,7:00 PM,regular,UL-Monroe,Arkansas,,8,sun-belt,sec,True,34,31,7,0,7,14,6,7,14,7,0,3,30,21,8,23,3,12,6,7,0,0,42,68,412,17,40,281,35,138,26,96,550,377,0,0,1,2,6,49,9,70,39.32,20.68,53089,,University of Arkansas,36.070009,-94.176981,University of Louisiana at Monroe,32.527748,-92.07374,,,2025-10-25 15:33:51
2012,3,2012-09-15,4:30 PM,regular,James Madison,West Virginia,,9,,big12,True,12,42,0,3,2,7,0,21,7,7,7,0,15,28,6,19,4,8,2,4,0,3,10,23,112,38,48,448,49,188,26,121,300,569,0,0,1,0,7,41,3,25,35.52,24.32,45511,,West Virginia University,39.634371,-79.954391,James Madison University,38.436311,-78.870484,,,2025-10-25 15:33:51
2012,5,2012-09-29,3:30 PM,regular,Virginia Tech,Cincinnati,,,acc,big-east,True,24,27,0,7,0,17,0,3,3,7,14,0,16,24,4,13,8,18,1,1,1,2,17,30,242,20,43,392,34,160,32,103,402,495,1,1,2,1,7,82,8,50,29.22,29.95,46026,ESPNU,University of Cincinnati-Main Campus,39.131159,-84.51428,Virginia Polytechnic Institute and State University,37.229012,-80.423675,,,2025-10-25 15:33:51
2012,5,2012-09-29,3:30 PM,regular,Houston,Rice,,,cusa,cusa,True,35,14,7,7,14,7,0,0,0,7,7,0,30,17,10,15,5,16,0,0,0,1,26,43,361,18,36,274,44,247,34,69,608,343,2,1,1,0,8,60,6,55,38.97,30.32,32718,,Rice University,29.717897,-95.402035,University of Houston,29.720393,-95.343537,,,2025-10-25 15:33:51
2012,7,2012-10-13,12:00 PM,regular,Texas,Oklahoma,15,13,big12,big12,True,21,63,2,0,6,13,0,13,23,10,17,0,13,30,4,13,11,19,0,1,1,1,18,37,215,22,39,334,23,74,51,343,289,677,1,0,2,1,5,37,8,60,22.4,36.72,92500,ABC,University of Oklahoma-Norman Campus,35.209407,-97.444211,The University of Texas at Austin,30.282825,-97.738273,,,2025-10-25 15:33:51
2012,9,2012-10-27,3:30 PM,regular,Florida,Georgia,2,10,sec,sec,True,9,17,0,6,0,3,0,7,0,3,7,0,15,14,7,16,1,10,0,1,0,0,16,29,191,12,24,150,40,75,35,123,266,273,4,0,2,3,9,90,14,132,33.68,26.32,84644,CBS,University of Georgia,33.956262,-83.374039,University of Florida,29.64629,-82.347911,,,2025-10-25 15:33:51
2012,13,2012-11-24,2:30 PM,regular,Baylor,Texas Tech,,,big12,big12,True,52,45,7,7,14,17,7,14,7,10,14,0,32,27,9,18,6,11,1,2,0,1,22,37,396,30,41,359,57,278,32,208,674,567,0,1,0,3,6,71,7,68,32.63,27.13,44168,FOX,Texas Tech University,33.583448,-101.874783,Baylor University,31.546872,-97.121041,,,2025-10-25 15:33:51
2012,14,2012-11-30,7:00 PM,regular,Northern Illinois,Kent State,21,17,mac,mac,True,44,37,3,14,10,7,10,10,0,3,21,3,25,17,10,19,8,19,2,2,0,2,19,34,212,15,37,190,56,312,42,70,524,260,2,0,1,2,8,62,0,0,37.42,26.98,18132,ESPN3,Kent State University at Kent,41.146653,-81.342533,Northern Illinois University,41.933869,-88.766428,,,2025-10-25 15:33:51
2012,14,2012-12-01,8:00 PM,regular,Florida State,Georgia Tech,13,,acc,acc,True,21,15,7,14,0,0,0,0,6,3,6,0,22,19,3,8,4,15,0,0,4,4,16,21,134,5,16,118,37,194,52,183,328,301,2,0,1,2,6,39,3,25,29.23,30.15,64778,ESPN,Georgia Institute of Technology-Main Campus,33.77242,-84.394832,Florida State University,30.440756,-84.291921,,,2025-10-25 15:33:51
2012,14,2012-12-01,8:17 PM,regular,Nebraska,Wisconsin,12,,big10,big10,True,31,70,10,0,7,14,0,21,21,21,7,0,23,24,6,16,5,9,1,2,0,0,18,34,195,8,10,101,44,282,50,539,477,640,1,0,2,0,4,40,4,51,30.1,29.75,41260,FOX,University of Wisconsin-Madison,43.075409,-89.404098,University of Nebraska-Lincoln,40.817598,-96.700508,,,2025-10-25 15:33:51
2012,,2012-12-21,7:30 PM,post,Ball State,UCF,,,mac,cusa,True,17,38,0,7,3,7,0,13,15,7,3,0,23,33,3,9,9,12,1,1,0,1,22,35,217,22,33,272,24,71,42,222,288,494,1,0,0,0,6,53,8,71,24.35,35.57,21759,ESPN,University of Central Florida,28.602159,-81.200889,Ball State University,40.203431,-85.409043,,,2025-10-25 15:33:51
2012,,2012-12-22,12:00 PM,post,East Carolina,UL-Lafayette,,,cusa,sun-belt,True,34,43,0,21,10,3,0,7,24,6,6,0,24,25,6,16,8,15,1,2,0,0,25,43,278,22,35,324,30,143,42,267,421,591,0,1,1,1,0,0,4,50,26.77,32.13,48828,ESPN,University of Louisiana at Lafayette,30.212191,-92.020165,East Carolina University,35.607186,-77.368291,,,2025-10-25 15:33:51
2012,,2012-12-26,7:30 PM,post,Western Kentucky,Central Michigan,,,sun-belt,mac,True,21,24,7,7,7,0,0,14,3,0,7,0,13,23,7,14,5,12,0,1,0,1,14,24,199,19,31,253,32,128,34,140,327,393,0,0,0,0,7,60,6,50,28.17,31.83,23310,ESPN,Central Michigan University,43.591203,-84.77525,Western Kentucky University,36.985035,-86.456828,,,2025-10-25 15:33:51
2012,,2012-12-27,3:00 PM,post,San Jose State,Bowling Green,24,,wac,mac,True,29,20,7,3,9,10,0,3,3,7,7,0,18,12,3,13,7,18,0,0,0,1,33,43,395,16,35,159,23,-15,30,103,380,262,1,1,0,0,4,30,5,55,30.78,29.22,17835,ESPN,Bowling Green State University-Main Campus,41.375513,-83.640896,San Jose State University,37.336569,-121.880621,,,2025-10-25 15:33:51
2012,,2012-12-27,6:30 PM,post,Cincinnati,Duke,,,big-east,acc,True,48,34,3,14,10,21,0,16,0,8,10,0,17,36,3,10,7,13,0,0,1,2,17,25,332,38,50,360,28,222,39,200,554,560,0,2,0,2,6,59,5,48,26.27,33.73,48128,ESPN,Duke University,36.001135,-78.937624,University of Cincinnati-Main Campus,39.131159,-84.51428,,,2025-10-25 15:33:51
2012,,2012-12-28,2:00 PM,post,Ohio,UL-Monroe,,,mac,sun-belt,True,45,14,14,10,14,7,0,0,7,7,0,0,21,24,5,10,5,15,0,1,1,3,15,23,337,21,40,219,38,219,38,95,556,314,1,0,1,3,7,78,3,28,26.42,33.58,41853,ESPN,University of Louisiana at Monroe,32.527748,-92.07374,Ohio University-Main Campus,39.326798,-82.100985,,,2025-10-25 15:33:51
2012,,2012-12-28,5:30 PM,post,Rutgers,Virginia Tech,,,big-east,acc,True,10,13,10,0,0,0,0,0,0,0,10,3,14,12,3,21,5,19,1,2,0,0,17,40,129,15,40,193,39,67,32,3,196,196,1,1,1,2,4,35,14,95,32.27,27.28,48127,ESPN,Virginia Polytechnic Institute and State University,37.229012,-80.423675,Rutgers University-New Brunswick,40.498769,-74.446251,,,2025-10-25 15:33:51
2012,,2012-12-28,9:00 PM,post,Minnesota,Texas Tech,,,big10,big12,True,31,34,10,7,7,7,0,14,10,0,10,0,23,23,9,16,8,14,0,1,1,1,8,19,146,32,47,284,54,222,24,145,368,429,0,0,1,2,7,84,13,135,36.3,23.07,50386,ESPN,Texas Tech University,33.583448,-101.874783,University of Minnesota-Twin Cities,44.972851,-93.235464,,,2025-10-25 15:33:51
2012,,2012-12-29,3:15 PM,post,West Virginia,Syracuse,,,big12,big-east,True,14,38,0,7,7,0,0,3,9,23,3,0,16,28,0,10,9,18,0,2,2,4,19,28,201,12,24,138,30,103,65,369,304,507,1,1,0,1,11,116,5,57,23.62,36.25,39098,ESPN,Syracuse University,43.040176,-76.136975,West Virginia University,39.634371,-79.954391,,,2025-10-25 15:33:51
2012,,2012-12-29,4:00 PM,post,Navy,Arizona State,,,ind,pac12,True,28,62,0,7,7,14,0,21,13,28,0,0,18,36,5,14,5,7,2,3,0,1,6,12,37,17,20,267,55,313,48,381,350,648,0,1,1,0,6,43,2,25,32.27,26.22,34172,ESPN2,Arizona State University Campus Immersion,33.417721,-111.934383,United States Naval Academy,38.980507,-76.481692,,,2025-10-25 15:33:51
2012,,2013-01-01,12:00 PM,post,Purdue,Oklahoma State,,,big10,big12,True,14,58,0,0,7,7,0,14,14,17,13,0,18,28,5,15,4,12,2,3,1,1,21,34,212,25,34,311,38,151,41,213,363,524,3,0,2,0,4,45,7,62,31.9,26.82,48313,ESPNU,Oklahoma State University-Main Campus,36.123085,-97.069743,Purdue University-Main Campus,40.428206,-86.914435,,,2025-10-25 15:33:51
2012,,2013-01-01,12:00 PM,post,Mississippi State,Northwestern,,20,sec,big10,True,20,34,0,10,3,7,0,10,3,14,7,0,18,19,1,11,10,19,0,1,0,0,12,29,106,21,36,196,33,186,40,161,292,357,0,0,4,3,6,47,2,20,25.72,33.52,48612,ESPN2,Northwestern University,42.050356,-87.679858,Mississippi State University,33.454852,-88.790139,,,2025-10-25 15:33:51
2012,,2013-01-01,1:00 PM,post,Georgia,Nebraska,7,16,sec,big10,True,45,31,16,7,8,14,0,14,10,7,0,0,23,26,12,17,8,16,0,1,0,1,18,33,427,16,27,204,38,162,52,239,589,443,0,1,2,2,7,76,8,69,27.27,32.03,59712,ABC,University of Nebraska-Lincoln,40.817598,-96.700508,University of Georgia,33.956262,-83.374039,,,2025-10-25 15:33:51
2012,,2013-01-03,8:30 PM,post,Oregon,Kansas State,4,5,pac12,big12,True,35,17,15,7,10,3,0,0,10,0,7,0,22,20,4,13,7,15,1,4,0,1,12,24,166,17,33,151,45,219,37,132,385,283,0,0,0,2,5,33,7,57,26.57,32.2,70242,ESPN,Kansas State University,39.188648,-96.581077,University of Oregon,44.045146,-123.075792,,,2025-10-25 15:33:51
2012,,2013-01-04,8:00 PM,post,Texas A&M,Oklahoma,9,11,sec,big12,True,41,13,7,7,20,7,0,3,10,0,0,0,28,27,5,11,8,15,1,1,0,1,23,35,307,35,49,278,31,326,34,123,633,401,0,0,1,1,7,60,7,47,22.92,36.48,87025,FOX,University of Oklahoma-Norman Campus,35.209407,-97.444211,Texas A & M University-College Station,30.618726,-96.336475,,,2025-10-25 15:33:51
2013,1,2013-08-31,3:30 PM,regular,Syracuse,Penn State,,,acc,big10,True,17,23,0,3,7,7,0,0,6,7,10,0,11,14,6,20,1,16,0,2,2,2,16,37,189,23,32,296,37,71,38,57,260,353,1,2,2,2,8,70,4,20,28.88,30.53,,ABC,Pennsylvania State University-Main Campus,40.7965,-77.862848,Syracuse University,43.040176,-76.136975,,,2025-10-25 15:33:51
2013,1,2013-08-31,3:30 PM,regular,Mississippi State,Oklahoma State,,13,sec,big12,True,3,21,3,0,0,0,0,0,7,7,7,0,17,22,2,16,8,15,3,4,0,1,17,33,222,21,33,146,37,111,40,286,333,432,0,0,2,0,11,74,7,86,34.12,25.88,35874,ABC,Oklahoma State University-Main Campus,36.123085,-97.069743,Mississippi State University,33.454852,-88.790139,,,2025-10-25 15:33:51
2013,1,2013-08-31,9:00 PM,regular,LSU,TCU,12,20,sec,big12,True,37,27,6,10,14,7,0,3,7,7,10,0,26,13,13,19,7,13,0,0,0,0,16,32,251,15,28,145,48,197,26,114,448,259,1,1,0,1,7,42,9,55,35.45,23.5,80230,ESPN,Texas Christian University,32.70961,-97.364758,Louisiana State University and Agricultural & Mechanical College,30.414986,-91.178921,,,2025-10-25 15:33:51
2013,1,2013-09-01,6:00 PM,regular,Colorado,Colorado State,,,pac12,mwc,True,41,27,10,10,3,18,0,0,10,14,3,0,24,16,7,18,2,14,0,0,1,3,33,46,400,22,39,201,37,109,28,94,509,295,0,2,0,0,8,68,4,50,33.5,26.5,59601,CBSSN,Colorado State University-Fort Collins,40.574805,-105.080732,University of Colorado Boulder,40.008781,-105.270823,,,2025-10-25 15:33:51
2013,4,2013-09-21,3:00 PM,regular,Houston,Rice,,,aac,cusa,True,31,26,7,10,7,7,0,13,0,0,13,0,21,25,6,16,5,15,1,1,0,1,18,36,329,22,37,289,37,165,45,174,494,463,0,1,1,1,3,30,3,25,25.07,34.93,34831,,Rice University,29.717897,-95.402035,University of Houston,29.720393,-95.343537,,,2025-10-25 15:33:51
2013,5,2013-09-28,4:00 PM,regular,Army,Louisiana Tech,,,ind,cusa,True,35,16,14,7,7,7,0,0,9,7,0,0,28,20,8,15,6,12,2,2,0,1,1,3,16,20,36,320,77,414,23,57,430,377,0,1,0,1,2,26,4,38,39.95,20.05,31278,FS1,Louisiana Tech University,32.528297,-92.649963,United States Military Academy,41.390479,-73.956603,,,2025-10-25 15:33:51
2013,6,2013-10-05,7:30 PM,regular,Arizona State,Notre Dame,22,,pac12,ind,True,34,37,0,13,0,21,0,0,14,10,13,0,22,23,4,13,4,15,1,2,1,1,33,47,362,17,38,279,25,65,37,145,427,424,1,0,2,1,4,45,9,64,25.25,34.08,66960,NBC,University of Notre Dame,41.703058,-86.238959,Arizona State University Campus Immersion,33.417721,-111.934383,,,2025-10-25 15:33:51
2013,7,2013-10-12,12:00 PM,regular,Oklahoma,Texas,12,,big12,big12,True,20,36,3,7,3,7,0,10,13,13,0,0,13,24,2,13,13,20,0,1,0,1,12,26,133,13,22,190,33,130,60,255,263,445,0,1,2,1,8,63,3,15,24.75,35.25,92500,ABC,The University of Texas at Austin,30.282825,-97.738273,University of Oklahoma-Norman Campus,35.209407,-97.444211,,,2025-10-25 15:33:51
2013,10,2013-11-02,3:30 PM,regular,Georgia,Florida,,,sec,sec,True,23,20,17,6,0,0,0,0,3,9,8,0,21,18,7,12,8,18,0,1,1,2,16,26,258,13,29,174,35,156,41,145,414,319,1,0,0,0,6,45,7,70,26.43,33.57,84693,CBS,University of Florida,29.64629,-82.347911,University of Georgia,33.956262,-83.374039,,,2025-10-25 15:33:51
2013,12,2013-11-16,7:20 PM,regular,Texas Tech,Baylor,,5,big12,big12,True,34,63,20,7,7,0,0,21,14,21,7,0,24,32,7,17,7,14,1,2,0,1,29,54,320,17,31,335,35,138,57,340,458,675,2,1,1,0,8,93,12,124,31.03,28.97,69188,FOX,Baylor University,31.546872,-97.121041,Texas Tech University,33.583448,-101.874783,,,2025-10-25 15:33:51
2013,15,2013-12-06,8:00 PM,regular,Bowling Green,Northern Illinois,,14,mac,mac,True,47,27,17,14,0,16,0,7,6,7,7,0,27,29,4,10,8,15,2,2,0,1,21,27,393,21,40,219,40,181,42,235,574,454,1,0,0,2,8,60,4,20,34.17,24.97,21106,ESPN2,Northern Illinois University,41.933869,-88.766428,Bowling Green State University-Main Campus,41.375513,-83.640896,,,2025-10-25 15:33:51
2013,15,2013-12-07,8:00 PM,regular,Duke,Florida State,20,1,acc,acc,True,7,45,0,0,0,7,0,0,17,21,7,0,15,31,7,20,6,11,0,0,0,0,21,42,140,19,32,330,31,99,43,239,239,569,1,1,2,2,3,32,6,65,30.73,29.27,67694,ABC,Florida State University,30.440756,-84.291921,Duke University,36.001135,-78.937624,,,2025-10-25 15:33:51
2013,15,2013-12-07,8:17 PM,regular,Ohio State,Michigan State,2,10,big10,big10,True,24,34,0,10,14,0,0,3,14,3,14,0,20,23,1,10,5,15,0,2,2,2,8,23,101,24,40,304,40,273,32,134,374,438,0,0,0,1,5,62,3,20,26.77,32.67,66002,FOX,Michigan State University,42.73212,-84.476111,Ohio State University-Main Campus,39.999324,-83.014853,,,2025-10-25 15:33:51
2013,,2013-12-21,9:00 PM,post,Tulane,UL-Lafayette,,,cusa,sun-belt,True,21,24,0,14,7,0,0,14,7,0,3,0,15,19,3,12,6,16,1,1,0,0,15,30,286,14,21,157,28,102,46,168,388,325,0,0,3,2,10,85,7,73,23.62,36.22,54728,ESPN,University of Louisiana at Lafayette,30.212191,-92.020165,Tulane University of Louisiana,29.940069,-90.122144,,,2025-10-25 15:33:51
2013,,2013-12-23,2:00 PM,post,Ohio,East Carolina,,,mac,cusa,True,20,37,0,14,3,3,0,14,3,0,20,0,21,30,8,22,7,16,1,1,0,2,24,44,328,30,46,287,37,107,41,281,435,568,0,0,3,0,5,60,9,75,26.6,33.4,20053,ESPN,East Carolina University,35.607186,-77.368291,Ohio University-Main Campus,39.326798,-82.100985,,,2025-10-25 15:33:51
2013,,2013-12-26,6:00 PM,post,Pittsburgh,Bowling Green,,,acc,mac,True,30,27,7,10,3,10,0,3,7,10,7,0,21,18,3,12,5,15,1,1,1,2,13,22,232,21,33,279,39,255,34,10,487,289,0,0,0,0,4,50,4,36,28.83,31.17,26259,ESPN,Bowling Green State University-Main Campus,41.375513,-83.640896,University of Pittsburgh-Pittsburgh Campus,40.444388,-79.953254,,,2025-10-25 15:33:51
2013,,2013-12-27,6:00 PM,post,Syracuse,Minnesota,,,acc,big10,True,21,17,0,7,7,7,0,0,3,0,14,0,23,19,7,14,8,17,1,2,1,1,19,29,188,13,30,223,46,208,38,127,396,350,1,1,0,0,9,53,8,65,29.78,30.22,32327,ESPN,University of Minnesota-Twin Cities,44.972851,-93.235464,Syracuse University,43.040176,-76.136975,,,2025-10-25 15:33:51
2013,,2013-12-27,9:30 PM,post,BYU,Washington,,,ind,pac12,True,16,31,0,16,0,0,0,7,14,7,3,0,28,19,7,20,5,15,1,3,1,3,25,50,293,18,27,129,47,180,43,190,473,319,0,0,1,1,5,50,5,24,32.03,27.97,34136,ESPN,University of Washington-Seattle Campus,47.65538,-122.30514,Brigham Young University-Provo,40.250851,-111.649281,,,2025-10-25 15:33:51
2013,,2013-12-28,12:00 PM,post,Rutgers,Notre Dame,,,aac,ind,True,16,29,10,3,0,3,0,10,3,3,13,0,16,31,3,12,7,16,1,1,1,1,10,29,156,27,47,319,26,80,43,175,236,494,0,1,4,0,3,33,8,69,21.73,38.27,47122,ESPN,University of Notre Dame,41.703058,-86.238959,Rutgers University-New Brunswick,40.498769,-74.446251,,,2025-10-25 15:33:51
2013,,2013-12-28,3:20 PM,post,Cincinnati,North Carolina,,,aac,acc,True,17,39,0,3,7,7,0,16,7,13,3,0,20,23,4,14,6,15,1,2,2,3,16,36,181,19,33,171,36,168,46,174,349,345,1,1,1,0,3,35,4,25,26.6,33.4,45211,ESPN,University of North Carolina at Chapel Hill,35.911769,-79.050969,University of Cincinnati-Main Campus,39.131159,-84.51428,,,2025-10-25 15:33:51
2013,,2013-12-28,6:45 PM,post,Miami (FL),Louisville,,18,acc,aac,True,9,36,2,0,0,7,0,6,16,7,7,0,14,28,0,11,8,14,1,3,1,1,12,27,160,35,45,447,28,14,31,107,174,554,1,0,0,0,2,20,9,79,21.47,38.53,51098,ESPN,University of Louisville,38.216862,-85.760412,University of Miami,25.72126,-80.278662,,,2025-10-25 15:33:51
2013,,2013-12-31,12:30 PM,post,Arizona,Boston College,,,pac12,acc,True,42,19,7,14,14,7,0,3,3,0,13,0,28,20,7,12,8,17,1,2,0,0,17,24,275,17,28,206,49,254,45,145,529,351,2,0,0,2,2,23,5,55,24.83,35.17,36917,ESPN,Boston College,42.336213,-71.169242,University of Arizona,32.232672,-110.950815,,,2025-10-25 15:33:51
2013,,2013-12-31,8:00 PM,post,Duke,Texas A&M,24,21,acc,sec,True,48,52,14,24,3,7,0,3,14,14,21,0,29,30,9,15,4,9,3,4,1,1,29,45,427,30,38,382,37,234,30,159,661,541,0,0,2,0,3,30,4,40,35.03,24.97,67946,ESPN,Texas A & M University-College Station,30.618726,-96.336475,Duke University,36.001135,-78.937624,,,2025-10-25 15:33:51
2013,,2014-01-01,12:00 PM,post,Nebraska,Georgia,,22,big10,sec,True,24,19,0,10,14,0,0,0,9,3,7,0,14,22,4,13,7,19,0,0,2,4,6,16,163,21,39,320,43,144,43,96,307,416,0,1,1,1,6,50,7,42,26.6,33.4,60712,ESPN2,University of Georgia,33.956262,-83.374039,University of Nebraska-Lincoln,40.817598,-96.700508,,,2025-10-25 15:33:51
2013,,2014-01-01,12:00 PM,post,UNLV,North Texas,,,mwc,cusa,True,14,36,7,0,0,7,0,7,0,7,22,0,19,21,6,15,10,17,1,2,0,0,22,41,196,21,30,256,27,66,45,141,262,397,1,1,1,0,2,20,6,60,24.73,35.27,38380,ESPNU,University of North Texas,33.211178,-97.148422,University of Nevada-Las Vegas,36.106047,-115.138462,,,2025-10-25 15:33:51
2013,,2014-01-01,1:00 PM,post,Wisconsin,South Carolina,19,9,big10,sec,True,24,34,0,14,3,7,0,7,6,7,14,0,21,20,6,14,4,9,1,4,2,2,16,26,117,23,26,321,43,293,34,117,410,438,1,2,3,0,2,15,4,23,29.43,30.57,56629,ABC,University of South Carolina-Columbia,33.996788,-81.026935,University of Wisconsin-Madison,43.075409,-89.404098,,,2025-10-25 15:33:51
2013,,2014-01-01,8:30 PM,post,UCF,Baylor,15,6,aac,big12,True,52,42,14,14,7,17,0,7,13,8,14,0,29,26,6,11,9,18,0,0,0,1,20,31,301,30,47,356,44,255,38,194,556,550,1,0,2,1,4,40,17,135,34.78,25.22,65172,ESPN,Baylor University,31.546872,-97.121041,University of Central Florida,28.602159,-81.200889,,,2025-10-25 15:33:51
2013,,2014-01-03,8:00 PM,post,Oklahoma State,Missouri,13,8,big12,sec,True,31,41,7,0,7,17,0,7,10,0,24,0,26,29,9,22,6,18,1,1,1,2,33,57,377,17,44,206,39,171,47,256,548,462,1,2,2,1,10,100,4,42,27.82,32.18,72690,FOX,University of Missouri-Columbia,38.94531,-92.328843,Oklahoma State University-Main Campus,36.123085,-97.069743,,,2025-10-25 15:33:51
2014,5,2014-09-27,3:30 PM,regular,Arkansas,Texas A&M,,6,sec,sec,True,28,35,7,14,7,0,0,7,7,0,14,7,22,21,5,15,4,13,1,2,0,1,15,27,199,21,41,386,47,285,27,137,484,523,1,0,0,1,8,76,9,70,37,23,68113,CBS,Texas A & M University-College Station,30.618726,-96.336475,University of Arkansas,36.070009,-94.176981,,,2025-10-25 15:33:51
2014,11,2014-11-08,3:30 PM,regular,Connecticut,Army,,,aac,ind,True,21,35,0,7,0,14,0,7,7,7,14,0,18,22,3,10,7,12,2,2,2,2,23,37,190,2,3,38,23,163,60,327,353,365,0,1,2,0,5,31,3,30,24.95,34.12,27453,CBSSN,United States Military Academy,41.390479,-73.956603,University of Connecticut,41.809098,-72.249948,,,2025-10-25 15:33:51
2014,,2014-12-20,11:00 AM,post,Nevada,UL-Lafayette,,,mwc,sun-belt,True,3,16,0,3,0,0,0,10,0,0,6,0,13,26,4,15,6,14,1,3,0,1,14,29,124,26,31,227,28,89,43,184,213,411,1,1,0,0,1,5,1,15,23.1,36.88,34014,ESPN,University of Louisiana at Lafayette,30.212191,-92.020165,University of Nevada-Reno,39.543642,-119.815377,,,2025-10-25 15:33:51
2014,,2014-12-27,3:30 PM,post,Miami (FL),South Carolina,,,acc,sec,True,21,24,3,3,8,7,0,0,17,0,7,0,21,16,6,14,7,15,1,2,0,1,19,33,236,22,34,284,40,186,30,60,422,344,1,0,1,0,5,40,5,51,31.17,28.83,38242,ABC,University of South Carolina-Columbia,33.996788,-81.026935,University of Miami,25.72126,-80.278662,,,2025-10-25 15:33:51
2014,,2014-12-29,2:00 PM,post,Texas A&M,West Virginia,,,sec,big12,True,45,37,14,14,17,0,0,20,7,3,7,0,28,21,6,16,5,19,1,2,1,2,22,35,294,20,45,346,48,235,32,126,529,472,0,1,1,0,8,102,7,45,32.83,25.55,51282,ESPN,West Virginia University,39.634371,-79.954391,Texas A & M University-College Station,30.618726,-96.336475,,,2025-10-25 15:33:51
2015,1,2015-09-05,7:00 PM,regular,Arizona State,Texas A&M,15,,pac12,sec,True,17,38,0,7,7,3,0,7,7,3,21,0,19,22,5,18,8,18,0,2,0,1,25,41,199,19,35,247,41,92,45,178,291,425,2,1,0,2,6,45,5,50,31.52,28.48,66308,ESPN,Texas A & M University-College Station,30.618726,-96.336475,Arizona State University Campus Immersion,33.417721,-111.934383,,,2025-10-25 15:33:51
2015,4,2015-09-26,7:00 PM,regular,Texas A&M,Arkansas,14,,sec,sec,True,28,21,0,10,3,8,7,7,0,7,7,0,17,25,2,9,5,10,1,1,0,2,21,28,358,20,25,225,20,65,42,232,423,457,0,1,0,1,7,52,11,93,20.53,39.47,67339,ESPN,University of Arkansas,36.070009,-94.176981,Texas A & M University-College Station,30.618726,-96.336475,,,2025-10-25 15:33:51
2015,,2015-12-19,5:30 PM,post,Ohio,Appalachian State,,,mac,sun-belt,True,29,31,0,17,7,5,0,7,0,0,24,0,15,24,3,14,5,13,1,1,0,1,15,29,165,13,26,124,36,107,49,303,272,427,1,2,2,1,7,85,9,80,30.1,29.9,21395,ESPN,Appalachian State University,36.215536,-81.680583,Ohio University-Main Campus,39.326798,-82.100985,,,2025-10-25 15:33:51
2015,,2015-12-19,7:00 PM,post,San Jose State,Georgia State,,,mwc,sun-belt,True,27,16,0,10,3,14,0,0,7,0,9,0,20,11,6,15,1,10,0,1,0,1,10,19,89,14,29,208,54,197,20,23,286,231,0,0,1,1,5,48,6,73,38.32,21.68,18536,CBSSN,Georgia State University,33.7527,-84.38667,San Jose State University,37.336569,-121.880621,,,2025-10-25 15:33:51
2015,,2015-12-21,2:30 PM,post,Western Kentucky,USF,,,cusa,aac,True,45,35,0,10,28,7,0,7,7,7,14,0,27,28,4,15,1,14,2,3,3,4,32,46,461,15,34,307,33,151,45,290,612,597,0,0,2,0,9,66,9,67,31.47,28.53,21712,ESPN,University of South Florida,28.061458,-82.413232,Western Kentucky University,36.985035,-86.456828,,,2025-10-25 15:33:51
2015,,2015-12-26,11:00 AM,post,Connecticut,Marshall,,,aac,cusa,True,10,16,7,0,3,0,0,7,6,0,3,0,15,24,3,10,11,17,0,1,0,1,10,17,86,23,36,218,33,127,41,171,213,389,0,0,1,1,3,25,4,45,25.3,34.7,14652,ESPN,Marshall University,38.422482,-82.428964,University of Connecticut,41.809098,-72.249948,,,2025-10-25 15:33:51
2015,,2015-12-26,2:15 PM,post,Miami (FL),Washington State,,,acc,pac12,True,14,20,7,0,0,7,0,7,13,0,0,0,13,23,3,13,5,16,2,3,1,3,17,32,219,29,53,295,29,114,25,87,333,382,1,1,2,0,9,94,5,37,28.92,31.08,41180,CBS,Washington State University,46.730448,-117.158168,University of Miami,25.72126,-80.278662,,,2025-10-25 15:33:51
2015,,2015-12-30,7:00 PM,post,Texas A&M,Louisville,,,sec,acc,True,21,27,7,7,0,7,0,20,0,7,0,0,25,21,6,18,5,15,0,2,0,3,28,48,307,12,26,227,39,138,46,307,445,534,1,0,1,0,9,85,10,90,30.88,29.12,50478,ESPN,University of Louisville,38.216862,-85.760412,Texas A & M University-College Station,30.618726,-96.336475,,,2025-10-25 15:33:51
2016,1,2016-08-26,10:00 PM,regular,Hawaii,California,,,mwc,pac12,True,31,51,14,0,10,7,0,17,17,7,10,0,26,31,8,14,8,17,1,1,2,2,17,34,234,38,54,441,38,248,35,189,482,630,2,0,1,0,6,52,6,80,29.12,30.88,61247,ESPN,University of California-Berkeley,37.871918,-122.260463,University of Hawaii at Manoa,21.298598,-157.818979,,,2025-10-25 15:33:51
2016,4,2016-09-24,9:00 PM,regular,Arkansas,Texas A&M,17,10,sec,sec,True,24,45,7,10,0,7,0,0,17,7,21,0,27,22,9,16,8,12,1,3,0,0,28,42,371,12,22,225,40,120,37,366,491,591,3,2,0,0,7,62,7,55,39.75,20.25,67751,ESPN,Texas A & M University-College Station,30.618726,-96.336475,University of Arkansas,36.070009,-94.176981,,,2025-10-25 15:33:51
2016,,2016-12-17,5:30 PM,post,Appalachian State,Toledo,,,sun-belt,mac,True,31,28,7,7,14,3,0,7,7,14,0,0,25,14,8,19,4,12,1,2,0,0,14,33,119,18,26,247,49,297,28,127,416,374,0,0,0,0,2,21,7,62,35.73,24.27,,ESPN,University of Toledo,41.660572,-83.614714,Appalachian State University,36.215536,-81.680583,,,2025-10-25 15:33:51
2016,,2016-12-17,9:00 PM,post,Southern Miss,UL-Lafayette,,,cusa,sun-belt,True,28,21,14,0,7,7,0,7,7,0,7,0,22,21,7,14,3,12,0,0,1,3,25,42,346,8,22,95,32,135,47,157,481,252,1,0,1,1,13,131,6,57,30.57,29.43,35061,ESPN,University of Louisiana at Lafayette,30.212191,-92.020165,University of Southern Mississippi,31.32661,-89.331236,,,2025-10-25 15:33:51
2016,,2016-12-28,5:30 PM,post,West Virginia,Miami (FL),16,,big12,acc,True,14,31,7,0,7,0,0,0,21,10,0,0,11,20,6,17,3,12,0,2,0,1,17,26,134,24,34,282,39,95,34,81,229,363,1,0,0,0,11,108,8,89,28.23,31.77,48625,ESPN,University of Miami,25.72126,-80.278662,West Virginia University,39.634371,-79.954391,,,2025-10-25 15:33:51
2016,,2016-12-28,9:00 PM,post,Texas A&M,Kansas State,,,sec,big12,True,28,33,7,7,7,7,0,7,16,3,7,0,25,17,4,12,4,12,1,2,0,1,30,48,310,14,20,195,28,144,41,218,454,413,1,0,1,0,8,75,12,80,27.18,32.82,68412,ESPN,Kansas State University,39.188648,-96.581077,Texas A & M University-College Station,30.618726,-96.336475,,,2025-10-25 15:33:51
2016,,2016-12-29,2:00 PM,post,USF,South Carolina,,,aac,sec,True,46,39,15,14,10,0,7,0,14,10,15,0,24,27,7,17,4,13,2,3,2,4,23,32,261,32,43,390,48,208,34,91,469,481,1,3,1,2,5,50,3,35,28.05,31.95,31229,ESPN,University of South Carolina-Columbia,33.996788,-81.026935,University of South Florida,28.061458,-82.413232,,,2025-10-25 15:33:51
2017,1,2017-08-31,8:00 PM,regular,Florida A&M,Arkansas,,,,sec,True,7,49,0,0,0,7,0,7,14,14,14,0,9,26,3,16,7,10,3,4,0,0,14,29,95,16,22,179,31,80,45,236,175,415,1,0,0,1,7,55,2,20,25.5,34.5,36055,SEC NETWORK,University of Arkansas,36.070009,-94.176981,Florida Agricultural and Mechanical University,30.428504,-84.290226,,,2025-10-25 15:33:51
2017,2,2017-09-08,7:00 PM,regular,Alcorn State,FIU,,,,cusa,True,10,17,0,7,0,3,0,0,7,3,7,0,12,26,8,15,10,16,0,1,0,1,22,34,191,21,33,328,25,78,40,137,269,465,0,1,0,0,9,81,5,30,27.27,32.73,5017,,Florida International University,25.75732,-80.373928,Alcorn State University,31.877216,-91.142854,,,2025-10-25 15:33:51
2017,4,2017-09-23,12:00 PM,regular,Texas A&M,Arkansas,,,sec,sec,True,50,43,7,10,7,19,7,7,14,7,15,0,20,21,6,15,5,13,2,2,0,0,14,27,216,13,27,231,42,285,45,226,501,457,0,0,1,1,6,36,9,69,27.72,32.28,64668,ESPN,University of Arkansas,36.070009,-94.176981,Texas A & M University-College Station,30.618726,-96.336475,,,2025-10-25 15:33:51
2017,12,2017-11-18,7:00 PM,regular,Boston College,Connecticut,,,acc,aac,True,39,16,0,14,19,6,0,3,0,0,13,0,14,15,5,15,6,20,1,1,1,2,7,15,55,14,33,241,49,330,41,171,385,412,1,0,0,3,3,25,7,47,28.85,31.15,20133,CBSSN,University of Connecticut,41.809098,-72.249948,Boston College,42.336213,-71.169242,,,2025-10-25 15:33:51
2017,14,2017-12-02,8:00 PM,regular,Miami (FL),Clemson,7,1,acc,acc,True,3,38,0,0,0,3,0,14,7,17,0,0,10,18,3,16,9,18,0,0,0,1,14,29,110,25,34,254,30,104,41,77,214,331,1,1,2,0,4,30,2,13,25.9,34.1,74372,ABC,Clemson University,34.679381,-82.835114,University of Miami,25.72126,-80.278662,,,2025-10-25 15:33:51
2017,,2017-12-21,8:00 PM,post,Temple,FIU,,,aac,cusa,True,28,3,0,7,7,14,0,0,0,3,0,0,20,20,4,12,4,16,0,2,1,2,18,28,254,17,34,169,41,141,40,88,395,257,1,1,0,2,10,86,6,59,29.87,30.13,16363,ESPN,Florida International University,25.75732,-80.373928,Temple University,39.980546,-75.156859,,,2025-10-25 15:33:51
2017,,2017-12-23,12:00 PM,post,Texas Tech,USF,,,big12,aac,True,34,38,10,0,14,10,0,3,7,7,21,0,28,27,10,19,7,15,0,1,1,4,32,59,416,17,34,311,35,133,48,250,549,561,0,2,2,0,10,107,10,100,35.35,24.65,28623,ESPN,University of South Florida,28.061458,-82.413232,Texas Tech University,33.583448,-101.874783,,,2025-10-25 15:33:51
2017,,2017-12-23,7:00 PM,post,Appalachian State,Toledo,,,sun-belt,mac,True,34,0,7,13,7,7,0,0,0,0,0,0,23,8,3,13,2,12,1,3,1,1,8,17,131,16,29,124,53,327,21,22,458,146,0,1,0,3,4,25,5,35,35.83,24.17,28706,ESPN,University of Toledo,41.660572,-83.614714,Appalachian State University,36.215536,-81.680583,,,2025-10-25 15:33:51
2017,,2017-12-29,1:00 PM,post,Wake Forest,Texas A&M,,,acc,sec,True,55,52,17,21,3,14,0,14,14,14,10,0,31,32,9,21,6,15,2,2,0,1,32,49,400,42,63,499,48,246,31,115,646,614,2,2,0,1,4,45,7,75,30.17,29.83,32784,ESPN,Texas A & M University-College Station,30.618726,-96.336475,Wake Forest University,36.133609,-80.277446,,,2025-10-25 15:33:51
2018,1,2018-09-02,7:30 PM,regular,Miami (FL),LSU,8,25,acc,sec,True,17,33,3,0,0,14,0,10,17,6,0,0,18,17,6,16,3,16,1,3,1,1,15,35,259,11,24,140,34,83,41,156,342,296,0,0,2,0,11,85,6,62,28.18,31.82,68841,ABC,Louisiana State University and Agricultural & Mechanical College,30.414986,-91.178921,University of Miami,25.72126,-80.278662,,,2025-10-25 15:33:52
2018,3,2018-09-15,3:30 PM,regular,USF,Illinois,,,aac,big10,True,25,19,7,0,0,18,0,10,6,3,0,0,31,21,4,13,5,18,1,1,1,1,23,40,411,20,31,168,44,215,48,212,626,380,0,1,2,0,14,123,6,65,27.33,32.67,21725,BIG10,University of Illinois at Urbana-Champaign,40.104718,-88.229114,University of South Florida,28.061458,-82.413232,,,2025-10-25 15:33:52
2018,5,2018-09-29,12:00 PM,regular,Arkansas,Texas A&M,,,sec,sec,True,17,24,0,7,3,7,0,14,3,0,7,0,11,24,3,12,2,10,0,0,1,1,14,27,193,17,26,201,26,55,46,176,248,377,0,0,1,2,6,61,7,44,23.07,36.93,55383,ESPN,Texas A & M University-College Station,30.618726,-96.336475,University of Arkansas,36.070009,-94.176981,,,2025-10-25 15:33:52
2018,7,2018-10-13,3:30 PM,regular,Army,San Jose State,,,ind,mwc,True,52,3,0,14,24,14,0,3,0,0,0,0,23,10,10,16,4,11,3,3,0,0,2,5,54,13,18,135,65,341,30,36,395,171,0,4,0,0,3,15,7,55,37.28,22.72,15627,ESPNU,San Jose State University,37.336569,-121.880621,United States Military Academy,41.390479,-73.956603,,,2025-10-25 15:33:52
2018,,2018-12-15,1:30 PM,post,Tulane,UL-Lafayette,,,aac,sun-belt,True,41,24,21,3,3,14,0,7,3,7,7,0,28,11,7,15,4,13,2,3,1,2,11,18,145,11,25,174,68,337,30,84,482,258,1,0,1,1,1,5,1,15,40.52,19.48,19066,CBSSN,University of Louisiana at Lafayette,30.212191,-92.020165,Tulane University of Louisiana,29.940069,-90.122144,,,2025-10-25 15:33:52
2018,,2018-12-15,9:00 PM,post,Middle Tennessee,Appalachian State,,,cusa,sun-belt,True,13,45,3,3,7,0,0,0,24,14,7,0,24,23,5,13,7,10,0,2,0,0,25,37,330,17,26,215,35,62,34,233,392,448,0,1,2,2,12,89,8,50,33.52,26.48,23942,ESPN,Appalachian State University,36.215536,-81.680583,Middle Tennessee State University,35.848005,-86.360618,,,2025-10-25 15:33:52
2018,,2018-12-21,12:30 PM,post,FIU,Toledo,,,cusa,mac,True,35,32,0,14,7,14,0,10,0,7,15,0,26,21,9,15,2,11,1,2,2,2,18,27,223,22,38,264,43,236,27,124,459,388,1,1,0,0,7,50,5,55,33.18,26.82,13510,ESPN,University of Toledo,41.660572,-83.614714,Florida International University,25.75732,-80.373928,,,2025-10-25 15:33:52
2018,,2018-12-22,10:30 PM,post,Hawaii,Louisiana Tech,,,mwc,cusa,True,14,31,0,7,0,7,0,3,0,21,7,0,17,21,2,14,6,13,3,3,0,1,17,34,168,19,31,285,32,58,38,168,226,453,0,2,3,1,12,140,9,99,29.38,30.62,30911,ESPN,Louisiana Tech University,32.528297,-92.649963,University of Hawaii at Manoa,21.298598,-157.818979,,,2025-10-25 15:33:52
2018,,2018-12-27,5:15 PM,post,Miami (FL),Wisconsin,,,acc,big10,True,3,35,3,0,0,0,0,14,0,7,14,0,6,20,3,11,6,13,0,0,0,0,6,17,48,6,11,73,23,121,58,333,169,406,1,0,4,1,1,5,1,15,19.8,39.78,37821,ESPN,University of Wisconsin-Madison,43.075409,-89.404098,University of Miami,25.72126,-80.278662,,,2025-10-25 15:33:52
2018,,2018-12-31,7:30 PM,post,NC State,Texas A&M,,19,acc,sec,True,13,52,3,10,0,0,0,7,14,14,17,0,15,18,0,13,5,10,2,4,0,1,19,32,139,14,26,140,37,134,34,401,273,541,0,0,2,1,4,30,8,75,32.95,27.05,38206,ESPN,Texas A & M University-College Station,30.618726,-96.336475,North Carolina State University at Raleigh,35.785111,-78.674517,,,2025-10-25 15:33:52
2019,1,2019-08-24,7:00 PM,regular,Miami (FL),Florida,,8,acc,sec,True,20,24,3,10,0,7,0,7,0,10,7,0,20,17,2,14,2,10,0,2,4,4,19,30,214,17,27,254,36,87,28,50,301,304,1,2,0,2,14,118,9,100,36.22,23.78,66543,ESPN,University of Florida,29.64629,-82.347911,University of Miami,25.72126,-80.278662,,,2025-10-25 15:33:52
2019,1,2019-08-31,12:00 PM,regular,Mississippi State,UL-Lafayette,,,sec,sun-belt,True,38,28,7,14,7,10,0,7,7,0,14,0,29,27,4,9,4,10,0,1,0,2,20,30,236,24,40,267,40,261,38,163,497,430,2,3,0,1,5,40,6,45,30.62,29.38,22440,ESPNU,University of Louisiana at Lafayette,30.212191,-92.020165,Mississippi State University,33.454852,-88.790139,,,2025-10-25 15:33:52
2019,5,2019-09-28,12:00 PM,regular,Texas A&M,Arkansas,23,,sec,sec,True,31,27,7,14,0,10,0,0,17,7,3,0,24,26,5,10,5,13,0,0,1,2,23,35,251,27,44,297,33,89,26,98,340,395,1,0,1,1,6,55,8,48,32.62,27.38,51441,ESPN,University of Arkansas,36.070009,-94.176981,Texas A & M University-College Station,30.618726,-96.336475,,,2025-10-25 15:33:52
2019,,2019-12-21,5:30 PM,post,FIU,Arkansas State,,,cusa,sun-belt,True,26,34,0,13,10,3,0,14,6,7,7,0,23,31,6,16,12,19,1,2,1,2,22,39,312,27,52,393,35,132,37,132,444,525,0,1,2,1,7,62,10,96,31.67,28.33,16209,ESPN,Arkansas State University,35.842388,-90.679988,Florida International University,25.75732,-80.373928,,,2025-10-25 15:33:52
2019,,2019-12-21,9:00 PM,post,Appalachian State,UAB,20,,sun-belt,cusa,True,31,17,0,10,21,0,0,14,0,3,0,0,20,20,3,14,3,14,2,2,2,3,13,25,142,22,34,298,40,261,33,40,403,338,0,2,0,1,11,130,8,76,32.95,27.05,21202,ESPN,University of Alabama at Birmingham,33.505697,-86.799345,Appalachian State University,36.215536,-81.680583,,,2025-10-25 15:33:52
2019,,2019-12-26,4:00 PM,post,Louisiana Tech,Miami (FL),,,cusa,acc,True,14,0,0,7,0,7,0,0,0,0,0,0,18,15,6,16,5,14,0,0,0,0,13,28,163,15,34,153,40,174,28,74,337,227,0,1,1,2,5,49,7,65,31.43,28.57,33129,ESPN,University of Miami,25.72126,-80.278662,Louisiana Tech University,32.528297,-92.649963,,,2025-10-25 15:33:52
2019,,2019-12-27,6:45 PM,post,Oklahoma State,Texas A&M,25,,big12,sec,True,21,24,14,0,0,7,0,0,7,7,10,0,17,19,4,12,5,10,0,1,0,0,15,28,184,13,19,95,31,150,41,248,334,343,0,2,0,0,5,42,8,56,25.78,34.22,68415,ESPN,Texas A & M University-College Station,30.618726,-96.336475,Oklahoma State University-Main Campus,36.123085,-97.069743,,,2025-10-25 15:33:52
2019,,2020-01-06,7:30 PM,post,UL-Lafayette,Miami (OH),,,sun-belt,mac,True,27,17,0,10,14,3,0,0,7,3,7,0,18,22,5,12,6,13,0,0,0,2,19,26,246,22,31,248,34,155,37,103,401,351,0,1,0,0,9,53,3,23,28.28,31.72,29212,ESPN,Miami University-Oxford,39.507757,-84.732954,University of Louisiana at Lafayette,30.212191,-92.020165,,,2025-10-25 15:33:52
2020,15,2020-12-11,10:00 PM,regular,Nevada,San Jose State,,,mwc,mwc,True,20,30,10,10,0,0,0,7,0,20,3,0,24,18,6,13,5,11,1,2,0,2,33,48,260,20,30,306,26,138,27,200,398,506,2,0,0,1,7,62,11,93,31.72,28.28,,CBSSN,San Jose State University,37.336569,-121.880621,University of Nevada-Reno,39.543642,-119.815377,,,2025-10-25 15:33:52
2020,16,2020-12-19,4:40 PM,regular,Boise State,San Jose State,,24,mwc,mwc,True,20,34,3,3,7,7,0,7,12,0,15,0,13,26,3,14,5,16,1,3,1,3,20,41,221,32,52,453,25,3,25,45,224,498,0,0,0,0,7,60,8,49,25.47,34.53,,FOX,San Jose State University,37.336569,-121.880621,Boise State University,43.604284,-116.203301,,,2025-10-25 15:33:52
2020,,2020-12-21,2:30 PM,post,Appalachian State,North Texas,,,sun-belt,cusa,True,56,28,14,21,7,14,0,0,14,7,7,0,22,30,4,9,7,18,0,1,3,5,9,17,136,22,37,267,39,500,58,230,636,497,0,0,0,1,12,116,9,91,28.1,31.9,5000,ESPN,University of North Texas,33.211178,-97.148422,Appalachian State University,36.215536,-81.680583,,,2025-10-25 15:33:52
2020,,2020-12-24,3:30 PM,post,Hawaii,Houston,,,mwc,aac,True,28,14,14,7,7,0,0,0,0,14,0,0,11,20,4,14,7,19,1,1,2,4,15,23,136,21,43,249,34,131,38,58,267,307,0,0,0,3,3,40,5,25,26.93,33.07,2060,ESPN,University of Houston,29.720393,-95.343537,University of Hawaii at Manoa,21.298598,-157.818979,,,2025-10-25 15:33:52
2020,,2020-12-26,3:30 PM,post,UL-Lafayette,UTSA,19,,sun-belt,cusa,True,31,24,7,10,7,7,0,0,7,14,3,0,23,27,6,12,4,10,2,3,1,2,12,23,146,13,21,208,46,265,44,223,411,431,1,1,0,1,10,84,7,66,32.62,27.38,3512,ABC,The University of Texas at San Antonio,29.583709,-98.620657,University of Louisiana at Lafayette,30.212191,-92.020165,,,2025-10-25 15:33:52
2020,,2020-12-29,5:30 PM,post,Oklahoma State,Miami (FL),21,18,big12,acc,True,37,34,21,0,3,13,0,0,10,9,15,0,29,27,6,16,4,14,1,1,3,5,27,40,305,30,48,356,43,113,30,156,418,512,0,2,0,0,9,81,8,76,33.82,26.18,,ESPN,University of Miami,25.72126,-80.278662,Oklahoma State University-Main Campus,36.123085,-97.069743,,,2025-10-25 15:33:52
2020,,2020-12-31,2:00 PM,post,Ball State,San Jose State,,22,mac,mwc,True,34,13,27,0,7,0,0,0,0,13,0,0,21,18,6,15,1,13,1,2,1,3,12,19,217,26,46,278,51,185,22,69,402,347,2,0,0,4,8,64,8,80,31.28,28.72,,CBS,San Jose State University,37.336569,-121.880621,Ball State University,40.203431,-85.409043,,,2025-10-25 15:33:52
2020,,2021-01-01,12:00 PM,post,Georgia,Cincinnati,9,8,sec,aac,True,24,21,7,3,0,14,0,7,7,7,0,0,19,16,1,11,3,14,1,2,1,1,27,39,404,24,37,206,24,45,27,99,449,305,1,1,1,0,6,66,11,80,28.6,31.4,15301,ESPN,University of Cincinnati-Main Campus,39.131159,-84.51428,University of Georgia,33.956262,-83.374039,,,2025-10-25 15:33:52
2020,,2021-01-02,8:00 PM,post,Texas A&M,North Carolina,5,13,sec,acc,True,41,27,7,10,0,24,0,3,10,7,7,0,19,18,5,13,5,15,1,1,1,3,16,26,232,18,31,234,35,225,34,90,457,324,0,0,0,1,9,87,5,38,32.22,27.78,13737,ESPN,University of North Carolina at Chapel Hill,35.911769,-79.050969,Texas A & M University-College Station,30.618726,-96.336475,,,2025-10-25 15:33:52
2021,1,2021-09-02,7:30 PM,regular,East Carolina,Appalachian State,,,aac,sun-belt,True,19,33,6,0,3,10,0,14,6,7,6,0,20,25,5,16,4,11,2,3,0,0,22,41,295,20,27,259,24,86,36,226,381,485,1,0,1,1,7,90,7,65,28.08,31.92,36752,ESPNU,Appalachian State University,36.215536,-81.680583,East Carolina University,35.607186,-77.368291,,,2025-10-25 15:33:52
2021,1,2021-09-04,3:30 PM,regular,Alabama,Miami (FL),1,14,sec,acc,True,44,13,10,17,14,3,0,0,3,10,0,0,28,18,10,16,6,14,0,1,1,2,28,39,354,23,31,178,38,147,31,88,501,266,1,1,0,2,8,81,7,75,37.03,22.97,71829,ABC,University of Miami,25.72126,-80.278662,The University of Alabama,33.211875,-87.545978,,,2025-10-25 15:33:52
2021,2,2021-09-11,3:30 PM,regular,Texas A&M,Colorado,5,,sec,pac12,True,10,7,0,3,0,7,0,7,0,0,0,0,14,14,8,20,4,14,0,0,0,2,19,40,191,13,25,89,29,98,38,171,289,260,1,0,0,1,7,65,2,17,31.43,28.57,,FOX,University of Colorado Boulder,40.008781,-105.270823,Texas A & M University-College Station,30.618726,-96.336475,,,2025-10-25 15:33:52
2021,4,2021-09-25,3:30 PM,regular,Texas A&M,Arkansas,7,16,sec,sec,True,10,20,0,3,7,0,0,10,7,0,3,0,15,20,4,14,3,13,0,1,0,1,20,36,151,9,19,246,23,121,49,197,272,443,0,0,1,0,11,75,10,65,29.17,30.83,57992,CBS,University of Arkansas,36.070009,-94.176981,Texas A & M University-College Station,30.618726,-96.336475,,,2025-10-25 15:33:52
2021,15,2021-12-11,3:00 PM,regular,Army,Navy,,,ind,aac,True,13,17,10,3,0,0,0,7,0,7,3,0,11,13,4,12,6,15,0,1,2,2,7,16,108,4,6,82,33,124,52,196,232,278,0,0,0,0,2,10,5,40,25.58,34.42,82282,CBS,United States Naval Academy,38.980507,-76.481692,United States Military Academy,41.390479,-73.956603,,,2025-10-25 15:33:52
2021,,2021-12-18,11:00 AM,post,Western Kentucky,Appalachian State,,,cusa,sun-belt,True,59,38,14,17,21,7,0,14,10,7,7,0,27,24,8,13,5,15,0,0,2,5,33,47,422,20,35,358,28,216,43,251,638,609,1,2,0,2,2,10,6,35,28.8,31.2,15429,ESPN,Appalachian State University,36.215536,-81.680583,Western Kentucky University,36.985035,-86.456828,,,2025-10-25 15:33:52
2021,,2021-12-18,9:15 PM,post,UL-Lafayette,Marshall,23,,sun-belt,cusa,True,36,21,10,6,0,20,0,7,7,7,0,0,23,13,7,17,5,13,0,1,0,0,20,32,278,15,26,99,51,220,30,187,498,286,0,1,0,1,6,50,9,80,37.43,22.57,21642,ESPN,Marshall University,38.422482,-82.428964,University of Louisiana at Lafayette,30.212191,-92.020165,,,2025-10-25 15:33:52
2022,1,2022-09-04,7:30 PM,regular,Florida State,LSU,,,acc,sec,True,24,23,0,7,10,7,0,3,0,7,13,0,22,25,11,17,5,11,0,1,2,2,20,33,260,25,35,209,38,132,30,139,392,348,1,2,0,0,7,80,4,45,34.1,25.9,68388,ABC,Louisiana State University and Agricultural & Mechanical College,30.414986,-91.178921,Florida State University,30.440756,-84.291921,,,2025-10-25 15:33:52
2022,4,2022-09-24,7:00 PM,regular,Arkansas,Texas A&M,10,23,sec,sec,True,21,23,14,0,0,7,0,0,13,10,0,0,24,16,6,15,4,12,2,2,0,0,12,19,171,11,21,151,54,244,34,192,415,343,1,0,0,0,3,30,9,65,30.57,29.43,63580,ESPN,Texas A & M University-College Station,30.618726,-96.336475,University of Arkansas,36.070009,-94.176981,,,2025-10-25 15:33:52
2022,5,2022-10-01,2:30 PM,regular,East Carolina,USF,,,aac,aac,True,48,28,14,27,7,0,0,0,7,14,7,0,26,21,6,13,5,13,3,3,2,3,31,41,465,18,28,253,30,110,36,202,575,455,1,1,0,0,3,24,6,40,30.77,29.23,3708,ESPN+,University of South Florida,28.061458,-82.413232,East Carolina University,35.607186,-77.368291,,,2025-10-25 15:33:52
2022,,2022-12-19,2:30 PM,post,Marshall,Connecticut,,,sun-belt,ind,True,28,14,14,7,7,0,0,0,0,14,0,0,19,18,7,15,3,12,0,1,0,2,10,20,93,11,30,172,45,210,38,144,303,316,1,1,1,3,11,112,10,115,28.65,31.35,12023,ESPN,University of Connecticut,41.809098,-72.249948,Marshall University,38.422482,-82.428964,,,2025-10-25 15:33:52
2022,,2022-12-20,3:30 PM,post,Eastern Michigan,San Jose State,,,mac,mwc,True,41,27,9,21,11,0,0,13,0,7,7,0,22,24,6,14,5,13,2,2,1,3,18,30,298,26,46,366,41,118,25,132,416,498,1,0,1,3,2,30,6,55,33.05,26.95,10122,ESPN,San Jose State University,37.336569,-121.880621,Eastern Michigan University,42.251675,-83.627443,,,2025-10-25 15:33:52
2022,,2022-12-23,3:00 PM,post,UL-Lafayette,Houston,,,sun-belt,aac,True,16,23,7,9,0,0,0,0,6,7,10,0,21,22,3,12,3,13,3,3,3,5,21,31,194,18,27,229,33,129,38,134,323,363,2,0,1,0,5,64,7,61,29.68,30.32,23410,ESPN,University of Houston,29.720393,-95.343537,University of Louisiana at Lafayette,30.212191,-92.020165,,,2025-10-25 15:33:52
2023,1,2023-09-02,7:30 PM,regular,North Carolina,South Carolina,21,,acc,sec,True,31,17,7,10,14,0,0,7,7,0,3,0,21,20,8,13,4,14,1,2,0,4,24,32,269,30,39,353,39,168,31,-2,437,351,0,0,2,0,7,49,6,35,32.62,27.38,68723,ABC,University of South Carolina-Columbia,33.996788,-81.026935,University of North Carolina at Chapel Hill,35.911769,-79.050969,,,2025-10-25 15:33:52
2023,2,2023-09-09,8:00 PM,regular,Air Force,Sam Houston State,,,mwc,cusa,True,13,3,0,3,0,10,0,0,0,3,0,0,18,6,5,13,3,13,0,1,1,1,1,3,14,8,14,44,59,244,30,36,258,80,1,0,0,0,2,20,2,25,36.63,23.37,25121,CBSSN,Sam Houston State University,30.714738,-95.546205,United States Air Force Academy,39.010957,-104.891358,,,2025-10-25 15:33:52
2023,5,2023-09-30,12:00 PM,regular,Texas A&M,Arkansas,,,sec,sec,True,34,22,7,10,10,7,0,3,3,10,6,0,19,10,8,15,5,15,0,1,0,1,17,28,210,9,17,132,39,204,39,42,414,174,2,0,1,1,6,40,0,0,30.55,29.45,59437,SEC NETWORK,University of Arkansas,36.070009,-94.176981,Texas A & M University-College Station,30.618726,-96.336475,,,2025-10-25 15:33:52
2023,15,2023-12-09,3:00 PM,regular,Army,Navy,,,ind,aac,True,17,11,0,10,0,7,0,0,0,0,11,0,15,17,5,14,4,14,1,2,1,3,7,14,54,16,29,179,47,205,35,130,259,309,0,1,0,1,5,25,5,25,33.52,26.48,65878,CBS,United States Naval Academy,38.980507,-76.481692,United States Military Academy,41.390479,-73.956603,,,2025-10-25 15:33:53
2023,,2023-12-16,2:15 PM,post,Jacksonville State,UL-Lafayette,,,cusa,sun-belt,True,34,31,7,7,10,7,3,7,7,7,10,0,31,14,10,24,5,16,5,6,0,0,20,35,236,13,27,155,74,290,35,92,526,247,1,0,3,0,2,20,4,22,33,27,14485,ESPN,University of Louisiana at Lafayette,30.212191,-92.020165,Jacksonville State University,33.822938,-85.765321,,,2025-10-25 15:33:53
2023,,2023-12-16,3:30 PM,post,Miami (OH),Appalachian State,,,mac,sun-belt,True,9,13,3,0,6,0,0,3,3,7,0,0,11,22,3,11,4,13,0,1,1,3,6,10,44,18,32,211,42,183,41,177,227,388,3,2,0,1,2,10,3,25,28.37,31.63,11121,ABC,Appalachian State University,36.215536,-81.680583,Miami University-Oxford,39.507757,-84.732954,,,2025-10-25 15:33:53
2023,,2023-12-21,8:00 PM,post,USF,Syracuse,,,aac,acc,True,45,0,14,17,7,7,0,0,0,0,0,0,21,9,5,15,1,17,2,2,1,3,22,31,246,10,24,139,44,161,41,20,407,159,1,2,0,2,9,84,7,50,29.9,30.1,20711,ESPN,Syracuse University,43.040176,-76.136975,University of South Florida,28.061458,-82.413232,,,2025-10-25 15:33:53
2023,,2023-12-23,10:30 PM,post,Coastal Carolina,San Jose State,,,sun-belt,mwc,True,24,14,7,0,7,10,0,0,0,0,14,0,22,22,8,15,4,10,1,2,1,2,20,33,199,16,30,215,40,137,25,159,336,374,0,2,0,0,10,126,8,85,37.27,22.73,7089,ESPN,San Jose State University,37.336569,-121.880621,Coastal Carolina University,33.794995,-79.011767,,,2025-10-25 15:33:53
2023,,2023-12-27,9:00 PM,post,Texas A&M,Oklahoma State,,20,sec,big12,True,23,31,3,3,14,3,0,10,14,7,0,0,20,29,4,11,8,16,0,0,1,1,21,35,372,35,50,436,25,73,29,134,445,570,1,0,1,2,2,20,5,47,27.52,32.48,55212,ESPN,Oklahoma State University-Main Campus,36.123085,-97.069743,Texas A & M University-College Station,30.618726,-96.336475,,,2025-10-25 15:33:53
2023,,2023-12-28,2:15 PM,post,Rutgers,Miami (FL),,,big10,acc,True,31,24,7,7,7,10,0,0,10,7,7,0,17,22,5,12,4,12,1,1,1,3,7,15,84,20,31,181,45,208,32,130,292,311,0,0,0,1,6,58,5,45,34.43,25.57,35314,ESPN,University of Miami,25.72126,-80.278662,Rutgers University-New Brunswick,40.498769,-74.446251,,,2025-10-25 15:33:53
2023,,2023-12-29,3:30 PM,post,Iowa State,Memphis,,,big12,aac,True,26,36,0,13,7,6,0,19,3,14,0,0,19,22,7,13,7,14,0,1,3,5,22,40,446,24,34,364,20,0,32,166,446,530,0,0,0,0,3,19,0,0,25.6,34.4,48789,ESPN,University of Memphis,35.118878,-89.938068,Iowa State University,42.026212,-93.648504,,,2025-10-25 15:33:53
2024,5,2024-09-28,3:00 PM,regular,Texas State,Sam Houston State,,,sun-belt,cusa,True,39,40,22,10,7,0,0,0,21,13,6,0,25,25,5,11,5,13,1,3,1,1,29,39,326,10,19,95,28,91,57,298,417,393,1,1,0,0,11,88,6,40,25.63,34.37,27225,ESPN+,Sam Houston State University,30.714738,-95.546205,Texas State University,29.888885,-97.943029,,,2025-10-25 15:33:53
2024,5,2024-09-28,3:30 PM,regular,Arkansas,Texas A&M,,24,sec,sec,True,17,21,14,0,0,3,0,7,7,0,7,0,21,17,5,15,4,13,2,3,0,0,23,41,279,11,22,163,30,100,38,134,379,297,2,0,1,0,10,75,7,63,30.65,29.35,60928,ESPN,Texas A & M University-College Station,30.618726,-96.336475,University of Arkansas,36.070009,-94.176981,,,2025-10-25 15:33:53
2024,,2024-12-19,7:00 PM,post,Georgia Southern,Sam Houston State,,,sun-belt,cusa,True,26,31,0,10,9,7,0,7,14,0,10,0,23,15,7,16,4,12,2,2,0,0,20,35,212,23,28,213,42,181,32,54,393,267,1,1,4,0,5,60,4,30,31.82,28.18,13151,ESPN2,Sam Houston State University,30.714738,-95.546205,Georgia Southern University,32.426153,-81.784045,,,2025-10-25 15:33:53
2024,,2024-12-24,8:00 PM,post,USF,San Jose State,,,aac,mwc,True,41,39,7,14,0,6,14,0,10,10,7,12,15,29,7,17,6,19,1,1,3,3,24,36,235,33,58,280,34,56,36,161,291,441,0,1,1,1,11,104,6,30,25.55,34.45,6720,ESPN,San Jose State University,37.336569,-121.880621,University of South Florida,28.061458,-82.413232,,,2025-10-25 15:33:53
2024,,2024-12-27,10:30 PM,post,USC,Texas A&M,,,big10,sec,True,35,31,0,7,7,21,0,7,0,17,7,0,25,24,6,13,7,15,0,0,1,1,22,39,295,26,42,292,31,105,30,151,400,443,0,0,3,2,6,70,8,73,28.12,31.88,26671,ESPN,Texas A & M University-College Station,30.618726,-96.336475,University of Southern California,34.021281,-118.284169,,,2025-10-25 15:33:53
2024,,2024-12-28,11:00 AM,post,Connecticut,North Carolina,,,ind,acc,True,27,14,10,14,3,0,0,7,0,0,7,0,20,10,8,16,0,9,1,1,1,3,16,24,151,11,14,110,46,210,28,96,361,206,0,0,0,1,4,30,9,55,34.83,25.17,27900,ESPN,University of North Carolina at Chapel Hill,35.911769,-79.050969,University of Connecticut,41.809098,-72.249948,,,2025-10-25 15:33:53
2024,,2024-12-28,2:15 PM,post,UL-Lafayette,TCU,,,sun-belt,big12,True,3,34,0,0,0,3,0,14,13,7,0,0,13,19,5,15,5,13,0,1,2,3,11,26,95,21,34,257,33,114,33,110,209,367,0,0,2,1,6,60,5,45,29.28,30.72,22827,ESPN,Texas Christian University,32.70961,-97.364758,University of Louisiana at Lafayette,30.212191,-92.020165,,,2025-10-25 15:33:53
2024,,2024-12-28,3:30 PM,post,Iowa State,Miami (FL),18,13,big12,acc,True,42,41,21,7,7,7,0,14,17,7,3,0,24,24,6,13,7,14,3,4,2,3,22,36,270,17,33,216,31,145,39,308,415,524,0,2,0,1,2,30,6,45,27.68,32.32,38650,ABC,University of Miami,25.72126,-80.278662,Iowa State University,42.026212,-93.648504,,,2025-10-25 15:33:53
